-- phpMyAdmin SQL Dump
-- version 5.0.2
-- https://www.phpmyadmin.net/
--
-- Host: 127.0.0.1
-- Generation Time: Jul 12, 2025 at 08:35 PM
-- Server version: 10.4.13-MariaDB
-- PHP Version: 7.3.19

SET SQL_MODE = "NO_AUTO_VALUE_ON_ZERO";
START TRANSACTION;
SET time_zone = "+00:00";


/*!40101 SET @OLD_CHARACTER_SET_CLIENT=@@CHARACTER_SET_CLIENT */;
/*!40101 SET @OLD_CHARACTER_SET_RESULTS=@@CHARACTER_SET_RESULTS */;
/*!40101 SET @OLD_COLLATION_CONNECTION=@@COLLATION_CONNECTION */;
/*!40101 SET NAMES utf8mb4 */;

--
-- Database: `cineverse_cinema`
--

-- --------------------------------------------------------

--
-- Table structure for table `booked_seats`
--

CREATE TABLE `booked_seats` (
  `booked_seats_id` int(11) NOT NULL,
  `bookings_booking_id` bigint(20) NOT NULL,
  `seats_seat_id` int(11) NOT NULL,
  `created_at` timestamp NULL DEFAULT NULL,
  `updated_at` timestamp NULL DEFAULT NULL
) ENGINE=InnoDB DEFAULT CHARSET=utf8;

--
-- Dumping data for table `booked_seats`
--

INSERT INTO `booked_seats` (`booked_seats_id`, `bookings_booking_id`, `seats_seat_id`, `created_at`, `updated_at`) VALUES
(31, 430012315, 1, '2025-07-04 07:04:14', '2025-07-04 07:04:14'),
(32, 430012315, 2, '2025-07-04 07:04:14', '2025-07-04 07:04:14'),
(33, 430012315, 3, '2025-07-04 07:04:14', '2025-07-04 07:04:14'),
(34, 430012315, 4, '2025-07-04 07:04:14', '2025-07-04 07:04:14'),
(35, 430856013, 85, '2025-07-04 07:07:06', '2025-07-04 07:07:06'),
(36, 430856013, 86, '2025-07-04 07:07:06', '2025-07-04 07:07:06'),
(51, 430754502, 75, '2025-07-04 07:20:06', '2025-07-04 07:20:06'),
(52, 430754502, 76, '2025-07-04 07:20:06', '2025-07-04 07:20:06'),
(53, 430696056, 69, '2025-07-04 07:20:41', '2025-07-04 07:20:41'),
(54, 430696056, 70, '2025-07-04 07:20:41', '2025-07-04 07:20:41'),
(55, 430696056, 71, '2025-07-04 07:20:41', '2025-07-04 07:20:41'),
(56, 430678871, 67, '2025-07-04 07:21:47', '2025-07-04 07:21:47'),
(57, 430678871, 68, '2025-07-04 07:21:47', '2025-07-04 07:21:47'),
(58, 430678871, 80, '2025-07-04 07:21:47', '2025-07-04 07:21:47'),
(59, 430678871, 79, '2025-07-04 07:21:47', '2025-07-04 07:21:47'),
(60, 450735009, 73, '2025-07-04 07:22:33', '2025-07-04 07:22:33'),
(61, 450735009, 74, '2025-07-04 07:22:33', '2025-07-04 07:22:33'),
(62, 430333481, 33, '2025-07-04 07:30:04', '2025-07-04 07:30:04'),
(63, 430333481, 34, '2025-07-04 07:30:04', '2025-07-04 07:30:04'),
(64, 430333481, 35, '2025-07-04 07:30:04', '2025-07-04 07:30:04'),
(65, 430333481, 36, '2025-07-04 07:30:04', '2025-07-04 07:30:04'),
(66, 430333481, 48, '2025-07-04 07:30:04', '2025-07-04 07:30:04'),
(67, 430333481, 47, '2025-07-04 07:30:04', '2025-07-04 07:30:04'),
(68, 430333481, 46, '2025-07-04 07:30:04', '2025-07-04 07:30:04'),
(69, 430333481, 45, '2025-07-04 07:30:04', '2025-07-04 07:30:04'),
(70, 470692328, 69, '2025-07-04 07:36:50', '2025-07-04 07:36:50'),
(71, 470692328, 70, '2025-07-04 07:36:50', '2025-07-04 07:36:50'),
(72, 470692328, 71, '2025-07-04 07:36:50', '2025-07-04 07:36:50'),
(73, 470692328, 72, '2025-07-04 07:36:50', '2025-07-04 07:36:50'),
(74, 43097985, 97, '2025-07-04 20:09:00', '2025-07-04 20:09:00'),
(75, 43097985, 98, '2025-07-04 20:09:00', '2025-07-04 20:09:00'),
(76, 43097985, 99, '2025-07-04 20:09:00', '2025-07-04 20:09:00'),
(77, 43097985, 100, '2025-07-04 20:09:00', '2025-07-04 20:09:00'),
(84, 430146908, 14, '2025-07-04 20:22:09', '2025-07-04 20:22:09'),
(85, 430146908, 15, '2025-07-04 20:22:09', '2025-07-04 20:22:09'),
(86, 430146908, 16, '2025-07-04 20:22:09', '2025-07-04 20:22:09'),
(87, 430375768, 37, '2025-07-04 20:29:22', '2025-07-04 20:29:22'),
(88, 430375768, 38, '2025-07-04 20:29:22', '2025-07-04 20:29:22'),
(89, 430375768, 39, '2025-07-04 20:29:22', '2025-07-04 20:29:22'),
(90, 430375768, 40, '2025-07-04 20:29:22', '2025-07-04 20:29:22'),
(91, 450571350, 57, '2025-07-04 20:30:51', '2025-07-04 20:30:51'),
(92, 450571350, 58, '2025-07-04 20:30:51', '2025-07-04 20:30:51'),
(93, 450571350, 59, '2025-07-04 20:30:51', '2025-07-04 20:30:51'),
(94, 450571350, 60, '2025-07-04 20:30:51', '2025-07-04 20:30:51'),
(103, 610856197, 85, '2025-07-04 20:43:05', '2025-07-04 20:43:05'),
(104, 610856197, 86, '2025-07-04 20:43:05', '2025-07-04 20:43:05'),
(105, 610856197, 87, '2025-07-04 20:43:05', '2025-07-04 20:43:05'),
(106, 610856197, 88, '2025-07-04 20:43:05', '2025-07-04 20:43:05'),
(107, 610856197, 100, '2025-07-04 20:43:05', '2025-07-04 20:43:05'),
(108, 610856197, 99, '2025-07-04 20:43:05', '2025-07-04 20:43:05'),
(109, 610856197, 98, '2025-07-04 20:43:05', '2025-07-04 20:43:05'),
(110, 610856197, 97, '2025-07-04 20:43:05', '2025-07-04 20:43:05'),
(111, 440332695, 33, '2025-07-05 06:21:03', '2025-07-05 06:21:03'),
(112, 440332695, 34, '2025-07-05 06:21:03', '2025-07-05 06:21:03'),
(113, 440332695, 46, '2025-07-05 06:21:03', '2025-07-05 06:21:03'),
(114, 440332695, 45, '2025-07-05 06:21:03', '2025-07-05 06:21:03'),
(115, 440332695, 35, '2025-07-05 06:21:03', '2025-07-05 06:21:03'),
(116, 440332695, 36, '2025-07-05 06:21:03', '2025-07-05 06:21:03'),
(117, 440332695, 48, '2025-07-05 06:21:03', '2025-07-05 06:21:03'),
(118, 440332695, 47, '2025-07-05 06:21:03', '2025-07-05 06:21:03'),
(119, 740386978, 38, '2025-07-05 06:21:29', '2025-07-05 06:21:29'),
(120, 740386978, 39, '2025-07-05 06:21:29', '2025-07-05 06:21:29'),
(121, 740386978, 40, '2025-07-05 06:21:29', '2025-07-05 06:21:29'),
(122, 740386978, 37, '2025-07-05 06:21:29', '2025-07-05 06:21:29'),
(123, 740386978, 49, '2025-07-05 06:21:29', '2025-07-05 06:21:29'),
(124, 740386978, 50, '2025-07-05 06:21:29', '2025-07-05 06:21:29'),
(125, 500697467, 69, '2025-07-05 06:22:52', '2025-07-05 06:22:52'),
(126, 500697467, 70, '2025-07-05 06:22:52', '2025-07-05 06:22:52'),
(127, 500697467, 71, '2025-07-05 06:22:52', '2025-07-05 06:22:52'),
(128, 500697467, 72, '2025-07-05 06:22:52', '2025-07-05 06:22:52'),
(129, 500697467, 84, '2025-07-05 06:22:52', '2025-07-05 06:22:52'),
(130, 500697467, 83, '2025-07-05 06:22:52', '2025-07-05 06:22:52'),
(131, 500697467, 82, '2025-07-05 06:22:52', '2025-07-05 06:22:52'),
(132, 500697467, 81, '2025-07-05 06:22:52', '2025-07-05 06:22:52'),
(133, 640535792, 53, '2025-07-05 06:26:46', '2025-07-05 06:26:46'),
(134, 640535792, 54, '2025-07-05 06:26:46', '2025-07-05 06:26:46'),
(135, 640535792, 55, '2025-07-05 06:26:46', '2025-07-05 06:26:46'),
(136, 640535792, 41, '2025-07-05 06:26:46', '2025-07-05 06:26:46'),
(137, 640535792, 42, '2025-07-05 06:26:46', '2025-07-05 06:26:46'),
(138, 640535792, 43, '2025-07-05 06:26:46', '2025-07-05 06:26:46'),
(139, 640535792, 44, '2025-07-05 06:26:46', '2025-07-05 06:26:46'),
(140, 640535792, 56, '2025-07-05 06:26:46', '2025-07-05 06:26:46'),
(141, 640535792, 32, '2025-07-05 06:26:46', '2025-07-05 06:26:46'),
(142, 640535792, 31, '2025-07-05 06:26:46', '2025-07-05 06:26:46'),
(143, 640535792, 30, '2025-07-05 06:26:46', '2025-07-05 06:26:46'),
(144, 640535792, 29, '2025-07-05 06:26:46', '2025-07-05 06:26:46'),
(145, 780734200, 73, '2025-07-06 13:16:44', '2025-07-06 13:16:44'),
(146, 780734200, 74, '2025-07-06 13:16:44', '2025-07-06 13:16:44'),
(147, 780734200, 75, '2025-07-06 13:16:44', '2025-07-06 13:16:44'),
(148, 780734200, 72, '2025-07-06 13:16:44', '2025-07-06 13:16:44'),
(149, 780734200, 71, '2025-07-06 13:16:44', '2025-07-06 13:16:44'),
(150, 780734200, 70, '2025-07-06 13:16:44', '2025-07-06 13:16:44'),
(151, 780734200, 69, '2025-07-06 13:16:44', '2025-07-06 13:16:44'),
(152, 780734200, 68, '2025-07-06 13:16:44', '2025-07-06 13:16:44'),
(153, 780734200, 67, '2025-07-06 13:16:44', '2025-07-06 13:16:44'),
(154, 780734200, 65, '2025-07-06 13:16:44', '2025-07-06 13:16:44'),
(155, 780734200, 66, '2025-07-06 13:16:44', '2025-07-06 13:16:44'),
(156, 780734200, 76, '2025-07-06 13:16:44', '2025-07-06 13:16:44'),
(157, 83069384, 69, '2025-07-07 10:25:36', '2025-07-07 10:25:36'),
(158, 83069384, 70, '2025-07-07 10:25:36', '2025-07-07 10:25:36'),
(159, 83069384, 71, '2025-07-07 10:25:36', '2025-07-07 10:25:36'),
(160, 83069384, 72, '2025-07-07 10:25:36', '2025-07-07 10:25:36'),
(161, 83069384, 81, '2025-07-07 10:25:36', '2025-07-07 10:25:36'),
(162, 83069384, 82, '2025-07-07 10:25:36', '2025-07-07 10:25:36'),
(163, 83069384, 83, '2025-07-07 10:25:36', '2025-07-07 10:25:36'),
(164, 83069384, 84, '2025-07-07 10:25:36', '2025-07-07 10:25:36'),
(165, 780228825, 22, '2025-07-07 10:31:34', '2025-07-07 10:31:34'),
(166, 780228825, 23, '2025-07-07 10:31:34', '2025-07-07 10:31:34'),
(167, 780228825, 24, '2025-07-07 10:31:34', '2025-07-07 10:31:34'),
(168, 780228825, 25, '2025-07-07 10:31:34', '2025-07-07 10:31:34'),
(169, 780228825, 33, '2025-07-07 10:31:34', '2025-07-07 10:31:34'),
(170, 780228825, 34, '2025-07-07 10:31:34', '2025-07-07 10:31:34'),
(171, 780228825, 35, '2025-07-07 10:31:34', '2025-07-07 10:31:34'),
(172, 780228825, 36, '2025-07-07 10:31:34', '2025-07-07 10:31:34'),
(173, 780228825, 45, '2025-07-07 10:31:34', '2025-07-07 10:31:34'),
(174, 780228825, 46, '2025-07-07 10:31:34', '2025-07-07 10:31:34'),
(209, 860339934, 33, '2025-07-07 12:59:17', '2025-07-07 12:59:17'),
(210, 860339934, 34, '2025-07-07 12:59:17', '2025-07-07 12:59:17'),
(211, 860339934, 35, '2025-07-07 12:59:17', '2025-07-07 12:59:17'),
(212, 860339934, 36, '2025-07-07 12:59:17', '2025-07-07 12:59:17'),
(213, 750656570, 65, '2025-07-07 13:01:21', '2025-07-07 13:01:21'),
(214, 750656570, 66, '2025-07-07 13:01:21', '2025-07-07 13:01:21'),
(215, 750656570, 67, '2025-07-07 13:01:21', '2025-07-07 13:01:21'),
(216, 750656570, 68, '2025-07-07 13:01:21', '2025-07-07 13:01:21'),
(217, 750656570, 77, '2025-07-07 13:01:21', '2025-07-07 13:01:21'),
(218, 750656570, 78, '2025-07-07 13:01:21', '2025-07-07 13:01:21'),
(219, 750656570, 79, '2025-07-07 13:01:21', '2025-07-07 13:01:21'),
(220, 750656570, 80, '2025-07-07 13:01:21', '2025-07-07 13:01:21'),
(221, 750656570, 92, '2025-07-07 13:01:21', '2025-07-07 13:01:21'),
(222, 750656570, 91, '2025-07-07 13:01:21', '2025-07-07 13:01:21'),
(223, 750656570, 90, '2025-07-07 13:01:21', '2025-07-07 13:01:21'),
(224, 750656570, 89, '2025-07-07 13:01:21', '2025-07-07 13:01:21'),
(225, 59065623, 65, '2025-07-07 13:05:26', '2025-07-07 13:05:26'),
(226, 59065623, 66, '2025-07-07 13:05:26', '2025-07-07 13:05:26'),
(227, 59065623, 67, '2025-07-07 13:05:26', '2025-07-07 13:05:26'),
(228, 59065623, 68, '2025-07-07 13:05:26', '2025-07-07 13:05:26'),
(229, 59065623, 80, '2025-07-07 13:05:26', '2025-07-07 13:05:26'),
(230, 59065623, 79, '2025-07-07 13:05:26', '2025-07-07 13:05:26'),
(231, 59065623, 78, '2025-07-07 13:05:26', '2025-07-07 13:05:26'),
(232, 59065623, 77, '2025-07-07 13:05:26', '2025-07-07 13:05:26'),
(235, 640716339, 71, '2025-07-07 17:39:44', '2025-07-07 17:39:44'),
(236, 640716339, 72, '2025-07-07 17:39:44', '2025-07-07 17:39:44'),
(237, 870221034, 22, '2025-07-07 17:40:18', '2025-07-07 17:40:18'),
(238, 870221034, 23, '2025-07-07 17:40:18', '2025-07-07 17:40:18'),
(239, 870221034, 24, '2025-07-07 17:40:18', '2025-07-07 17:40:18'),
(240, 870221034, 25, '2025-07-07 17:40:18', '2025-07-07 17:40:18'),
(241, 730545075, 54, '2025-07-07 17:40:50', '2025-07-07 17:40:50'),
(242, 730545075, 55, '2025-07-07 17:40:50', '2025-07-07 17:40:50'),
(243, 730545075, 56, '2025-07-07 17:40:50', '2025-07-07 17:40:50'),
(251, 590348282, 34, '2025-07-07 17:50:24', '2025-07-07 17:50:24'),
(252, 590348282, 35, '2025-07-07 17:50:24', '2025-07-07 17:50:24'),
(253, 590348282, 36, '2025-07-07 17:50:24', '2025-07-07 17:50:24'),
(254, 590348282, 37, '2025-07-07 17:50:24', '2025-07-07 17:50:24'),
(255, 590348282, 38, '2025-07-07 17:50:24', '2025-07-07 17:50:24'),
(256, 590348282, 39, '2025-07-07 17:50:24', '2025-07-07 17:50:24'),
(257, 590348282, 40, '2025-07-07 17:50:24', '2025-07-07 17:50:24'),
(258, 570299972, 29, '2025-07-07 17:51:28', '2025-07-07 17:51:28'),
(259, 570299972, 30, '2025-07-07 17:51:28', '2025-07-07 17:51:28'),
(260, 570299972, 31, '2025-07-07 17:51:28', '2025-07-07 17:51:28'),
(261, 570299972, 32, '2025-07-07 17:51:28', '2025-07-07 17:51:28'),
(262, 570299972, 44, '2025-07-07 17:51:28', '2025-07-07 17:51:28'),
(263, 570299972, 43, '2025-07-07 17:51:28', '2025-07-07 17:51:28'),
(264, 570299972, 42, '2025-07-07 17:51:28', '2025-07-07 17:51:28'),
(265, 570299972, 41, '2025-07-07 17:51:28', '2025-07-07 17:51:28'),
(270, 630677353, 67, '2025-07-07 18:07:53', '2025-07-07 18:07:53'),
(271, 630677353, 68, '2025-07-07 18:07:53', '2025-07-07 18:07:53'),
(272, 510458242, 45, '2025-07-07 18:08:36', '2025-07-07 18:08:36'),
(273, 510458242, 46, '2025-07-07 18:08:36', '2025-07-07 18:08:36'),
(274, 510458242, 47, '2025-07-07 18:08:36', '2025-07-07 18:08:36'),
(275, 510458242, 48, '2025-07-07 18:08:36', '2025-07-07 18:08:36'),
(276, 51093223, 93, '2025-07-07 18:10:03', '2025-07-07 18:10:03'),
(277, 51093223, 94, '2025-07-07 18:10:03', '2025-07-07 18:10:03'),
(282, 65074370, 74, '2025-07-08 07:54:50', '2025-07-08 07:54:50'),
(283, 65074370, 73, '2025-07-08 07:54:50', '2025-07-08 07:54:50'),
(284, 630572204, 57, '2025-07-08 08:00:39', '2025-07-08 08:00:39'),
(285, 630572204, 58, '2025-07-08 08:00:39', '2025-07-08 08:00:39'),
(286, 630572204, 59, '2025-07-08 08:00:39', '2025-07-08 08:00:39'),
(287, 630572204, 60, '2025-07-08 08:00:39', '2025-07-08 08:00:39'),
(288, 830077192, 7, '2025-07-08 08:06:11', '2025-07-08 08:06:11'),
(289, 830077192, 8, '2025-07-08 08:06:11', '2025-07-08 08:06:11'),
(337, 650654939, 65, '2025-07-09 06:19:32', '2025-07-09 06:19:32'),
(338, 650654939, 66, '2025-07-09 06:19:32', '2025-07-09 06:19:32'),
(339, 650654939, 67, '2025-07-09 06:19:32', '2025-07-09 06:19:32'),
(340, 650654939, 68, '2025-07-09 06:19:32', '2025-07-09 06:19:32'),
(341, 650654939, 80, '2025-07-09 06:19:32', '2025-07-09 06:19:32'),
(342, 650654939, 79, '2025-07-09 06:19:32', '2025-07-09 06:19:32'),
(343, 650654939, 78, '2025-07-09 06:19:32', '2025-07-09 06:19:32'),
(344, 650654939, 77, '2025-07-09 06:19:32', '2025-07-09 06:19:32'),
(351, 630613039, 61, '2025-07-09 07:00:40', '2025-07-09 07:00:40'),
(352, 630331216, 33, '2025-07-09 07:06:34', '2025-07-09 07:06:34'),
(353, 630331216, 34, '2025-07-09 07:06:34', '2025-07-09 07:06:34'),
(354, 630331216, 35, '2025-07-09 07:06:34', '2025-07-09 07:06:34'),
(355, 630331216, 36, '2025-07-09 07:06:34', '2025-07-09 07:06:34'),
(358, 630312556, 31, '2025-07-09 13:56:59', '2025-07-09 13:56:59'),
(359, 630312556, 32, '2025-07-09 13:56:59', '2025-07-09 13:56:59'),
(360, 630274285, 27, '2025-07-09 14:06:06', '2025-07-09 14:06:06'),
(361, 630274285, 28, '2025-07-09 14:06:06', '2025-07-09 14:06:06'),
(362, 630274285, 26, '2025-07-09 14:06:06', '2025-07-09 14:06:06'),
(363, 580452466, 45, '2025-07-09 14:10:08', '2025-07-09 14:10:08'),
(364, 580452466, 46, '2025-07-09 14:10:08', '2025-07-09 14:10:08'),
(365, 580452466, 47, '2025-07-09 14:10:08', '2025-07-09 14:10:08'),
(366, 580452466, 48, '2025-07-09 14:10:08', '2025-07-09 14:10:08'),
(367, 630426438, 42, '2025-07-09 14:19:54', '2025-07-09 14:19:54'),
(368, 630426438, 43, '2025-07-09 14:19:54', '2025-07-09 14:19:54'),
(369, 630426438, 41, '2025-07-09 14:19:54', '2025-07-09 14:19:54'),
(370, 630735447, 73, '2025-07-09 14:22:19', '2025-07-09 14:22:19'),
(371, 630735447, 74, '2025-07-09 14:22:19', '2025-07-09 14:22:19'),
(372, 63025409, 25, '2025-07-09 14:50:42', '2025-07-09 14:50:42'),
(373, 63025409, 24, '2025-07-09 14:50:42', '2025-07-09 14:50:42'),
(374, 63025409, 22, '2025-07-09 14:50:42', '2025-07-09 14:50:42'),
(375, 63025409, 23, '2025-07-09 14:50:42', '2025-07-09 14:50:42'),
(376, 630933367, 93, '2025-07-09 14:51:57', '2025-07-09 14:51:57'),
(377, 630933367, 94, '2025-07-09 14:51:57', '2025-07-09 14:51:57'),
(378, 740673939, 67, '2025-07-09 14:55:16', '2025-07-09 14:55:16'),
(379, 740673939, 68, '2025-07-09 14:55:16', '2025-07-09 14:55:16'),
(380, 65034775, 34, '2025-07-09 14:56:20', '2025-07-09 14:56:20'),
(381, 65034775, 35, '2025-07-09 14:56:20', '2025-07-09 14:56:20'),
(382, 65034775, 36, '2025-07-09 14:56:20', '2025-07-09 14:56:20'),
(383, 65034775, 33, '2025-07-09 14:56:20', '2025-07-09 14:56:20'),
(384, 730695035, 69, '2025-07-09 14:57:45', '2025-07-09 14:57:45'),
(385, 730695035, 70, '2025-07-09 14:57:45', '2025-07-09 14:57:45'),
(386, 730695035, 71, '2025-07-09 14:57:45', '2025-07-09 14:57:45'),
(387, 730695035, 72, '2025-07-09 14:57:45', '2025-07-09 14:57:45'),
(388, 590705622, 70, '2025-07-09 17:13:07', '2025-07-09 17:13:07'),
(389, 590705622, 71, '2025-07-09 17:13:07', '2025-07-09 17:13:07'),
(390, 630757313, 75, '2025-07-09 17:14:47', '2025-07-09 17:14:47'),
(391, 630757313, 76, '2025-07-09 17:14:47', '2025-07-09 17:14:47'),
(392, 630134864, 13, '2025-07-09 17:16:29', '2025-07-09 17:16:29'),
(393, 630134864, 14, '2025-07-09 17:16:29', '2025-07-09 17:16:29'),
(394, 630134864, 15, '2025-07-09 17:16:29', '2025-07-09 17:16:29'),
(395, 630134864, 16, '2025-07-09 17:16:29', '2025-07-09 17:16:29'),
(398, 660756704, 75, '2025-07-09 18:52:30', '2025-07-09 18:52:30'),
(399, 660756704, 74, '2025-07-09 18:52:30', '2025-07-09 18:52:30'),
(407, 63050934, 50, '2025-07-09 19:26:22', '2025-07-09 19:26:22'),
(408, 63050934, 51, '2025-07-09 19:26:22', '2025-07-09 19:26:22'),
(409, 63050934, 52, '2025-07-09 19:26:22', '2025-07-09 19:26:22'),
(410, 590735974, 73, '2025-07-09 19:35:44', '2025-07-09 19:35:44'),
(411, 590735974, 74, '2025-07-09 19:35:44', '2025-07-09 19:35:44'),
(416, 690811210, 81, '2025-07-09 19:45:28', '2025-07-09 19:45:28'),
(417, 690811210, 82, '2025-07-09 19:45:28', '2025-07-09 19:45:28'),
(418, 690811210, 83, '2025-07-09 19:45:28', '2025-07-09 19:45:28'),
(419, 690811210, 84, '2025-07-09 19:45:28', '2025-07-09 19:45:28'),
(424, 630705888, 70, '2025-07-09 19:57:26', '2025-07-09 19:57:26'),
(425, 660358860, 35, '2025-07-09 20:05:53', '2025-07-09 20:05:53'),
(426, 660358860, 36, '2025-07-09 20:05:53', '2025-07-09 20:05:53'),
(427, 660358860, 37, '2025-07-09 20:05:53', '2025-07-09 20:05:53'),
(428, 660358860, 38, '2025-07-09 20:05:53', '2025-07-09 20:05:53'),
(429, 660358860, 39, '2025-07-09 20:05:53', '2025-07-09 20:05:53'),
(430, 660358860, 40, '2025-07-09 20:05:53', '2025-07-09 20:05:53'),
(431, 600553943, 55, '2025-07-09 20:12:20', '2025-07-09 20:12:20'),
(432, 600553943, 56, '2025-07-09 20:12:20', '2025-07-09 20:12:20'),
(433, 600553943, 57, '2025-07-09 20:12:20', '2025-07-09 20:12:20'),
(434, 600553943, 58, '2025-07-09 20:12:20', '2025-07-09 20:12:20'),
(435, 600553943, 59, '2025-07-09 20:12:20', '2025-07-09 20:12:20'),
(436, 600553943, 60, '2025-07-09 20:12:20', '2025-07-09 20:12:20'),
(437, 600285956, 28, '2025-07-09 20:14:46', '2025-07-09 20:14:46'),
(438, 600285956, 27, '2025-07-09 20:14:46', '2025-07-09 20:14:46'),
(439, 600285956, 26, '2025-07-09 20:14:46', '2025-07-09 20:14:46'),
(440, 590128705, 12, '2025-07-09 20:15:30', '2025-07-09 20:15:30'),
(441, 590128705, 11, '2025-07-09 20:15:30', '2025-07-09 20:15:30'),
(442, 600336912, 33, '2025-07-09 20:20:32', '2025-07-09 20:20:32'),
(443, 600336912, 34, '2025-07-09 20:20:32', '2025-07-09 20:20:32'),
(456, 640739936, 73, '2025-07-10 18:43:33', '2025-07-10 18:43:33'),
(457, 640739936, 74, '2025-07-10 18:43:33', '2025-07-10 18:43:33'),
(458, 640739936, 75, '2025-07-10 18:43:33', '2025-07-10 18:43:33'),
(459, 630856175, 85, '2025-07-10 18:44:25', '2025-07-10 18:44:25'),
(460, 630856175, 86, '2025-07-10 18:44:25', '2025-07-10 18:44:25'),
(461, 63097811, 97, '2025-07-10 18:44:54', '2025-07-10 18:44:54'),
(462, 63097811, 98, '2025-07-10 18:44:54', '2025-07-10 18:44:54'),
(463, 630834860, 83, '2025-07-10 18:47:25', '2025-07-10 18:47:25'),
(464, 630834860, 84, '2025-07-10 18:47:25', '2025-07-10 18:47:25'),
(465, 630465906, 46, '2025-07-10 18:48:29', '2025-07-10 18:48:29'),
(466, 630465906, 45, '2025-07-10 18:48:29', '2025-07-10 18:48:29'),
(467, 630465906, 47, '2025-07-10 18:48:29', '2025-07-10 18:48:29'),
(468, 630465906, 48, '2025-07-10 18:48:29', '2025-07-10 18:48:29'),
(469, 740593291, 59, '2025-07-10 18:49:58', '2025-07-10 18:49:58'),
(470, 740593291, 60, '2025-07-10 18:49:58', '2025-07-10 18:49:58'),
(471, 770582840, 58, '2025-07-10 18:52:43', '2025-07-10 18:52:43'),
(472, 770582840, 59, '2025-07-10 18:52:43', '2025-07-10 18:52:43'),
(473, 770582840, 57, '2025-07-10 18:52:43', '2025-07-10 18:52:43'),
(474, 770582840, 60, '2025-07-10 18:52:43', '2025-07-10 18:52:43'),
(475, 740836470, 83, '2025-07-10 18:59:49', '2025-07-10 18:59:49'),
(476, 740836470, 84, '2025-07-10 18:59:49', '2025-07-10 18:59:49'),
(477, 770348270, 34, '2025-07-10 19:03:45', '2025-07-10 19:03:45'),
(478, 770348270, 35, '2025-07-10 19:03:45', '2025-07-10 19:03:45'),
(479, 770348270, 36, '2025-07-10 19:03:45', '2025-07-10 19:03:45'),
(480, 770348270, 33, '2025-07-10 19:03:45', '2025-07-10 19:03:45'),
(481, 770348270, 22, '2025-07-10 19:03:45', '2025-07-10 19:03:45'),
(482, 770348270, 23, '2025-07-10 19:03:45', '2025-07-10 19:03:45'),
(483, 770348270, 24, '2025-07-10 19:03:45', '2025-07-10 19:03:45'),
(484, 770348270, 25, '2025-07-10 19:03:45', '2025-07-10 19:03:45'),
(485, 780297079, 29, '2025-07-10 19:07:41', '2025-07-10 19:07:41'),
(486, 780297079, 30, '2025-07-10 19:07:41', '2025-07-10 19:07:41'),
(487, 780297079, 31, '2025-07-10 19:07:41', '2025-07-10 19:07:41'),
(488, 650433249, 43, '2025-07-10 19:36:51', '2025-07-10 19:36:51'),
(489, 650433249, 44, '2025-07-10 19:36:51', '2025-07-10 19:36:51'),
(490, 650433249, 42, '2025-07-10 19:36:51', '2025-07-10 19:36:51'),
(491, 770424687, 42, '2025-07-10 20:10:00', '2025-07-10 20:10:00'),
(492, 770424687, 43, '2025-07-10 20:10:00', '2025-07-10 20:10:00'),
(493, 770424687, 44, '2025-07-10 20:10:00', '2025-07-10 20:10:00'),
(494, 640491381, 49, '2025-07-11 05:02:23', '2025-07-11 05:02:23'),
(495, 640491381, 50, '2025-07-11 05:02:23', '2025-07-11 05:02:23'),
(496, 640235961, 23, '2025-07-11 05:09:57', '2025-07-11 05:09:57'),
(497, 640235961, 24, '2025-07-11 05:09:57', '2025-07-11 05:09:57'),
(498, 640235961, 25, '2025-07-11 05:09:57', '2025-07-11 05:09:57'),
(499, 640235961, 34, '2025-07-11 05:09:57', '2025-07-11 05:09:57'),
(500, 640235961, 35, '2025-07-11 05:09:57', '2025-07-11 05:09:57'),
(501, 640235961, 36, '2025-07-11 05:09:57', '2025-07-11 05:09:57'),
(502, 640235961, 22, '2025-07-11 05:09:57', '2025-07-11 05:09:57'),
(503, 640235961, 33, '2025-07-11 05:09:57', '2025-07-11 05:09:57'),
(504, 640937513, 93, '2025-07-11 05:42:39', '2025-07-11 05:42:39'),
(505, 640937513, 94, '2025-07-11 05:42:39', '2025-07-11 05:42:39'),
(506, 640937513, 96, '2025-07-11 05:42:39', '2025-07-11 05:42:39'),
(507, 640937513, 95, '2025-07-11 05:42:39', '2025-07-11 05:42:39'),
(508, 6401170, 11, '2025-07-11 05:47:02', '2025-07-11 05:47:02'),
(509, 6401170, 12, '2025-07-11 05:47:02', '2025-07-11 05:47:02'),
(510, 6401170, 13, '2025-07-11 05:47:02', '2025-07-11 05:47:02'),
(511, 6401170, 14, '2025-07-11 05:47:02', '2025-07-11 05:47:02'),
(512, 6401170, 15, '2025-07-11 05:47:02', '2025-07-11 05:47:02'),
(513, 6401170, 16, '2025-07-11 05:47:02', '2025-07-11 05:47:02'),
(514, 6401170, 18, '2025-07-11 05:47:02', '2025-07-11 05:47:02'),
(515, 6401170, 17, '2025-07-11 05:47:02', '2025-07-11 05:47:02'),
(516, 650834580, 83, '2025-07-11 05:52:24', '2025-07-11 05:52:24'),
(517, 650834580, 82, '2025-07-11 05:52:24', '2025-07-11 05:52:24'),
(530, 680334524, 33, '2025-07-11 06:36:53', '2025-07-11 06:36:53'),
(531, 680334524, 34, '2025-07-11 06:36:53', '2025-07-11 06:36:53'),
(532, 680334524, 35, '2025-07-11 06:36:53', '2025-07-11 06:36:53'),
(533, 680334524, 47, '2025-07-11 06:36:53', '2025-07-11 06:36:53'),
(534, 680334524, 46, '2025-07-11 06:36:53', '2025-07-11 06:36:53'),
(535, 680334524, 45, '2025-07-11 06:36:53', '2025-07-11 06:36:53'),
(536, 680334524, 57, '2025-07-11 06:36:53', '2025-07-11 06:36:53'),
(537, 680334524, 58, '2025-07-11 06:36:53', '2025-07-11 06:36:53'),
(538, 680334524, 59, '2025-07-11 06:36:53', '2025-07-11 06:36:53'),
(539, 680334524, 60, '2025-07-11 06:36:53', '2025-07-11 06:36:53'),
(540, 680334524, 48, '2025-07-11 06:36:53', '2025-07-11 06:36:53'),
(541, 680334524, 36, '2025-07-11 06:36:53', '2025-07-11 06:36:53'),
(542, 68073631, 73, '2025-07-11 06:37:14', '2025-07-11 06:37:14'),
(543, 68073631, 74, '2025-07-11 06:37:14', '2025-07-11 06:37:14'),
(544, 68073631, 75, '2025-07-11 06:37:14', '2025-07-11 06:37:14'),
(545, 68073631, 76, '2025-07-11 06:37:14', '2025-07-11 06:37:14'),
(554, 630056960, 5, '2025-07-11 08:08:13', '2025-07-11 08:08:13'),
(555, 630056960, 6, '2025-07-11 08:08:13', '2025-07-11 08:08:13'),
(556, 740339593, 33, '2025-07-11 10:58:56', '2025-07-11 10:58:56'),
(557, 740339593, 34, '2025-07-11 10:58:56', '2025-07-11 10:58:56'),
(558, 740339593, 36, '2025-07-11 10:58:56', '2025-07-11 10:58:56'),
(559, 740339593, 35, '2025-07-11 10:58:56', '2025-07-11 10:58:56'),
(560, 770731322, 73, '2025-07-11 12:21:11', '2025-07-11 12:21:11'),
(561, 770731322, 74, '2025-07-11 12:21:11', '2025-07-11 12:21:11'),
(562, 770731322, 75, '2025-07-11 12:21:11', '2025-07-11 12:21:11'),
(563, 770731322, 76, '2025-07-11 12:21:11', '2025-07-11 12:21:11'),
(564, 770731322, 88, '2025-07-11 12:21:11', '2025-07-11 12:21:11'),
(565, 770731322, 87, '2025-07-11 12:21:11', '2025-07-11 12:21:11'),
(566, 770731322, 86, '2025-07-11 12:21:11', '2025-07-11 12:21:11'),
(567, 770731322, 85, '2025-07-11 12:21:11', '2025-07-11 12:21:11'),
(568, 760595832, 59, '2025-07-12 05:33:02', '2025-07-12 05:33:02'),
(569, 760595832, 60, '2025-07-12 05:33:02', '2025-07-12 05:33:02'),
(570, 760595832, 58, '2025-07-12 05:33:02', '2025-07-12 05:33:02'),
(575, 760332444, 33, '2025-07-12 05:52:04', '2025-07-12 05:52:04'),
(576, 760332444, 34, '2025-07-12 05:52:04', '2025-07-12 05:52:04'),
(577, 760332444, 35, '2025-07-12 05:52:04', '2025-07-12 05:52:04'),
(578, 760332444, 36, '2025-07-12 05:52:04', '2025-07-12 05:52:04'),
(579, 760332444, 37, '2025-07-12 05:52:04', '2025-07-12 05:52:04'),
(580, 760332444, 38, '2025-07-12 05:52:04', '2025-07-12 05:52:04'),
(581, 760332444, 39, '2025-07-12 05:52:04', '2025-07-12 05:52:04'),
(582, 760332444, 40, '2025-07-12 05:52:04', '2025-07-12 05:52:04'),
(587, 71001600, 1, '2025-07-12 13:27:16', '2025-07-12 13:27:16'),
(588, 71001600, 2, '2025-07-12 13:27:16', '2025-07-12 13:27:16'),
(589, 71001600, 3, '2025-07-12 13:27:16', '2025-07-12 13:27:16'),
(590, 71001600, 4, '2025-07-12 13:27:16', '2025-07-12 13:27:16'),
(591, 71001600, 5, '2025-07-12 13:27:16', '2025-07-12 13:27:16'),
(592, 71001600, 6, '2025-07-12 13:27:16', '2025-07-12 13:27:16'),
(593, 71001600, 7, '2025-07-12 13:27:16', '2025-07-12 13:27:16'),
(594, 71001600, 8, '2025-07-12 13:27:16', '2025-07-12 13:27:16'),
(595, 71001600, 9, '2025-07-12 13:27:16', '2025-07-12 13:27:16'),
(596, 71001600, 10, '2025-07-12 13:27:16', '2025-07-12 13:27:16'),
(597, 71001600, 28, '2025-07-12 13:27:16', '2025-07-12 13:27:16'),
(598, 71001600, 18, '2025-07-12 13:27:16', '2025-07-12 13:27:16'),
(599, 71001600, 17, '2025-07-12 13:27:16', '2025-07-12 13:27:16'),
(600, 71001600, 16, '2025-07-12 13:27:16', '2025-07-12 13:27:16'),
(601, 71001600, 15, '2025-07-12 13:27:16', '2025-07-12 13:27:16'),
(602, 71001600, 14, '2025-07-12 13:27:16', '2025-07-12 13:27:16'),
(603, 71001600, 13, '2025-07-12 13:27:16', '2025-07-12 13:27:16'),
(604, 71001600, 12, '2025-07-12 13:27:16', '2025-07-12 13:27:16'),
(605, 71001600, 11, '2025-07-12 13:27:16', '2025-07-12 13:27:16'),
(606, 71001600, 19, '2025-07-12 13:27:16', '2025-07-12 13:27:16'),
(607, 71001600, 20, '2025-07-12 13:27:16', '2025-07-12 13:27:16'),
(608, 71001600, 21, '2025-07-12 13:27:16', '2025-07-12 13:27:16'),
(609, 71001600, 23, '2025-07-12 13:27:16', '2025-07-12 13:27:16'),
(610, 71001600, 47, '2025-07-12 13:27:16', '2025-07-12 13:27:16'),
(611, 71001600, 55, '2025-07-12 13:27:16', '2025-07-12 13:27:16'),
(612, 71001600, 71, '2025-07-12 13:27:16', '2025-07-12 13:27:16'),
(613, 71001600, 87, '2025-07-12 13:27:16', '2025-07-12 13:27:16'),
(614, 760306717, 30, '2025-07-12 13:39:21', '2025-07-12 13:39:21'),
(615, 760306717, 23, '2025-07-12 13:39:21', '2025-07-12 13:39:21'),
(616, 760306717, 25, '2025-07-12 13:39:21', '2025-07-12 13:39:21'),
(623, 740769356, 76, '2025-07-12 15:05:28', '2025-07-12 15:05:28'),
(624, 740769356, 75, '2025-07-12 15:05:28', '2025-07-12 15:05:28'),
(625, 740769356, 74, '2025-07-12 15:05:28', '2025-07-12 15:05:28'),
(626, 740769356, 73, '2025-07-12 15:05:28', '2025-07-12 15:05:28'),
(627, 760498933, 49, '2025-07-12 15:07:40', '2025-07-12 15:07:40'),
(628, 760498933, 50, '2025-07-12 15:07:40', '2025-07-12 15:07:40'),
(629, 760498933, 51, '2025-07-12 15:07:40', '2025-07-12 15:07:40'),
(630, 760498933, 52, '2025-07-12 15:07:40', '2025-07-12 15:07:40');

-- --------------------------------------------------------

--
-- Table structure for table `bookings`
--

CREATE TABLE `bookings` (
  `booking_id` bigint(20) NOT NULL,
  `shows_show_id` int(11) NOT NULL,
  `movies_movie_id` int(11) NOT NULL,
  `master_user_idmaster_user` int(11) DEFAULT NULL,
  `amount` int(11) NOT NULL,
  `customer_name` varchar(255) DEFAULT NULL,
  `email` varchar(255) DEFAULT NULL,
  `payment_status` varchar(45) NOT NULL,
  `created_at` timestamp NULL DEFAULT NULL,
  `updated_at` timestamp NULL DEFAULT NULL
) ENGINE=InnoDB DEFAULT CHARSET=utf8;

--
-- Dumping data for table `bookings`
--

INSERT INTO `bookings` (`booking_id`, `shows_show_id`, `movies_movie_id`, `master_user_idmaster_user`, `amount`, `customer_name`, `email`, `payment_status`, `created_at`, `updated_at`) VALUES
(6401170, 64, 12, NULL, 10400, 'TANIYA GAMAGE', 'taniyagamage@gmail.com', 'PAID', '2025-07-11 05:47:02', '2025-07-11 05:47:29'),
(43097985, 43, 14, NULL, 7000, 'SAHENSHI', 'sahenshi@gmail.com', 'PAID', '2025-07-04 20:09:00', '2025-07-04 20:10:19'),
(51093223, 51, 14, NULL, 3500, 'MALAKA GAYASHAN', 'malakagayashan@gmail.com', 'PAID', '2025-07-07 18:10:03', '2025-07-07 18:10:24'),
(59065623, 59, 11, NULL, 14000, 'ANJALEE KUMARA', 'anjalee@gmail.com', 'PAID', '2025-07-07 13:05:26', '2025-07-07 13:05:55'),
(63025409, 63, 14, NULL, 5200, 'SANIL HESHAN', 'sanilheshan@gmai.com', 'PAID', '2025-07-09 14:50:42', '2025-07-09 14:51:05'),
(63050934, 63, 14, 93, 3900, 'DULMINI', 'dulmini@gmail.com', 'PAID', '2025-07-09 19:26:22', '2025-07-09 19:26:44'),
(63097811, 63, 14, NULL, 3500, 'KASUNI WIKRAMASINGHE', 'kasuniwikramasinghe@gmail.com', 'PAID', '2025-07-10 18:44:54', '2025-07-10 18:45:08'),
(65034775, 65, 23, NULL, 5200, 'THARINDU JANITH', 'tharindujanith@gmail.com', 'PAID', '2025-07-09 14:56:20', '2025-07-09 14:56:52'),
(65074370, 65, 23, NULL, 3500, 'SAHENSHI', 'di123sahenshi@gmail.com', 'PAID', '2025-07-08 07:54:50', '2025-07-08 07:58:32'),
(68073631, 68, 24, 93, 7000, 'ISHARA SAHENSHI', 'isharasahenshi@gmail.com', 'PAID', '2025-07-11 06:37:14', '2025-07-11 06:37:38'),
(71001600, 71, 24, NULL, 36000, 'WE3RESRFD', 'dilnethkulasooriya11@gmail.com', 'PAID', '2025-07-12 13:27:16', '2025-07-12 13:29:51'),
(83069384, 83, 24, 84, 14000, 'ISURU PRABHATH', 'prabhath.kulasooriya@gmail.com', 'PAID', '2025-07-07 10:25:36', '2025-07-07 10:25:45'),
(430012315, 43, 14, NULL, 5200, 'Isuru Prabhath', NULL, 'PAID', '2025-07-04 07:04:14', '2025-07-04 07:04:38'),
(430146908, 43, 14, NULL, 3900, 'ACHIRA GAYAN', NULL, 'PAID', '2025-07-04 20:22:09', '2025-07-04 20:22:57'),
(430333481, 43, 14, 84, 10400, 'ISURU PRABHATH', 'prabhath.kulasooriya@gmail.com', 'PAID', '2025-07-04 07:30:04', '2025-07-04 07:30:45'),
(430375768, 43, 14, NULL, 5200, 'TIRAN THILINA', 'tiranthilina@gmail.com', 'PAID', '2025-07-04 20:29:22', '2025-07-04 20:30:00'),
(430678871, 43, 14, NULL, 7000, 'KALPANI WIJESINGHE', NULL, 'PAID', '2025-07-04 07:21:47', '2025-07-04 07:22:01'),
(430696056, 43, 14, NULL, 5250, 'test', NULL, 'PAID', '2025-07-04 07:20:41', '2025-07-04 07:21:16'),
(430754502, 43, 14, NULL, 3500, 'test', NULL, 'PAID', '2025-07-04 07:20:06', '2025-07-04 07:20:18'),
(430856013, 43, 14, NULL, 3500, 'ISURU PRABHATH', NULL, 'PAID', '2025-07-04 07:07:06', '2025-07-04 07:08:34'),
(440332695, 44, 23, 97, 10400, 'UMESHA KULASOORIYA', 'umeshakulasooriya@gmail.com', 'PAID', '2025-07-05 06:21:03', '2025-07-05 06:21:13'),
(450571350, 45, 24, NULL, 5200, 'DAMITH DILSHAN', 'damithdilshan@gmail.com', 'PAID', '2025-07-04 20:30:51', '2025-07-04 20:31:26'),
(450735009, 45, 24, NULL, 3500, 'KALPANI WIJESINGHE', NULL, 'PAID', '2025-07-04 07:22:33', '2025-07-04 07:22:43'),
(470692328, 47, 14, 84, 7000, 'ISURU PRABHATH', 'prabhath.kulasooriya@gmail.com', 'PAID', '2025-07-04 07:36:50', '2025-07-04 07:37:25'),
(500697467, 50, 18, 97, 14000, 'UMESHA KULASOORIYA', 'umeshakulasooriya@gmail.com', 'PAID', '2025-07-05 06:22:52', '2025-07-05 06:23:28'),
(510458242, 51, 14, NULL, 5200, 'KANTHI RATHNAYAKE', 'kanthirathnayake@gmail.com', 'PAID', '2025-07-07 18:08:36', '2025-07-07 18:09:09'),
(570299972, 57, 24, 88, 10400, 'PRABHATH KULASOORIYA', 'prabha@gmail.com', 'PAID', '2025-07-07 17:51:27', '2025-07-07 17:51:37'),
(580452466, 58, 24, NULL, 5200, 'FATHIMA NUSRA', 'fathimanusra@gmail.com', 'PAID', '2025-07-09 14:10:08', '2025-07-09 14:14:24'),
(590128705, 59, 11, NULL, 2600, 'GMHANI WIKRAMANAYAKE', 'gimhani@gmail.com', 'PAID', '2025-07-09 20:15:30', '2025-07-09 20:15:52'),
(590348282, 59, 11, 88, 9100, 'PRABHATH KULASOORIYA', 'prabha@gmail.com', 'PAID', '2025-07-07 17:50:24', '2025-07-07 17:51:04'),
(590705622, 59, 11, 1, 3500, 'ADMIN ACCOUNT', 'admin@gmail.com', 'PAID', '2025-07-09 17:13:07', '2025-07-09 17:13:49'),
(590735974, 59, 11, 93, 3500, 'KASUNI AMAYA', 'kasuniamaya@gmail.com', 'PAID', '2025-07-09 19:35:44', '2025-07-09 19:36:42'),
(600285956, 60, 11, 93, 3900, 'KASUN RAJAPAKSHA', 'kasun@gmail.com', 'PAID', '2025-07-09 20:14:46', '2025-07-09 20:14:56'),
(600336912, 60, 11, NULL, 2600, 'GAYAN', 'gayan@gmail.com', 'PAID', '2025-07-09 20:20:32', '2025-07-09 20:20:49'),
(600553943, 60, 11, 93, 7800, 'GITHMIN JAYAWARDHANA', 'githmin@gmail.com', 'PAID', '2025-07-09 20:12:20', '2025-07-09 20:12:28'),
(610856197, 61, 12, NULL, 14000, 'VIDULA AKASH', 'vidulaakash@gmail.com', 'PAID', '2025-07-04 20:43:05', '2025-07-04 20:43:44'),
(630056960, 63, 14, 93, 2600, 'PRABHAWEE THEEKSHANA', 'prabhaweetheekshana@gmail.com', 'PAID', '2025-07-11 08:08:13', '2025-07-11 08:10:06'),
(630134864, 63, 14, NULL, 5200, 'KASUN RAJAPAKSHA', 'kasun@gmail.com', 'PAID', '2025-07-09 17:16:29', '2025-07-09 17:16:56'),
(630274285, 63, 14, NULL, 3900, 'FATHIMA NUSRA', 'fathimanusra@gmail.com', 'PAID', '2025-07-09 14:06:06', '2025-07-09 14:06:32'),
(630312556, 63, 14, NULL, 2600, 'ANOMA RAJAPAKSHA', 'anomarajapaksha@gmail.com', 'PAID', '2025-07-09 13:56:59', '2025-07-09 13:57:29'),
(630331216, 63, 14, NULL, 5200, 'SASHINI SAMUDYA', 'shashinisamudya@gmail.com', 'PAID', '2025-07-09 07:06:34', '2025-07-09 07:07:16'),
(630426438, 63, 14, NULL, 3900, 'ANOMA RAJAPAKSHA', 'anomarajapaksha@gmail.com', 'PAID', '2025-07-09 14:19:54', '2025-07-09 14:20:38'),
(630465906, 63, 14, NULL, 5200, 'TIRAN THILINA', 'tiranthilina@gmail.com', 'PAID', '2025-07-10 18:48:29', '2025-07-10 18:48:53'),
(630572204, 63, 14, NULL, 5200, 'ISHARA SAHENSHI', 'sahenshi@gmail.com', 'PAID', '2025-07-08 08:00:39', '2025-07-08 08:01:16'),
(630613039, 63, 14, NULL, 1300, 'KANTHI RATHNAYAKE', 'kanthi@gmail.com', 'PAID', '2025-07-09 07:00:40', '2025-07-09 07:05:47'),
(630677353, 63, 14, NULL, 3500, 'ANJANA KAVITHA', 'anjanakavitha@gmail.com', 'PAID', '2025-07-07 18:07:53', '2025-07-07 18:08:18'),
(630705888, 63, 14, NULL, 1750, 'KASUN RAJAPAKSHA', 'kasun@gmail.com', 'PAID', '2025-07-09 19:57:26', '2025-07-09 20:04:29'),
(630735447, 63, 14, NULL, 3500, 'GITHMIN JAYAWARDHANA', 'githmin@gmail.com', 'PAID', '2025-07-09 14:22:19', '2025-07-09 14:48:22'),
(630757313, 63, 14, NULL, 3500, 'GITHMIN JAYAWARDHANA', 'githmin@gmail.com', 'PAID', '2025-07-09 17:14:47', '2025-07-09 17:15:30'),
(630834860, 63, 14, NULL, 3500, 'GIMHANI SANDAREKHA', 'gimhani@gmaiil.com', 'PAID', '2025-07-10 18:47:25', '2025-07-10 18:47:50'),
(630856175, 63, 14, NULL, 3500, 'KASUNI WIKRAMASINGHE', 'kasuniwikramasinghe@gmail.com', 'PAID', '2025-07-10 18:44:25', '2025-07-10 18:44:35'),
(630933367, 63, 14, NULL, 3500, 'DINETH LAHIRU', 'dinethlahiru@gmail.com', 'PAID', '2025-07-09 14:51:57', '2025-07-09 14:52:21'),
(640235961, 64, 12, NULL, 10400, 'KASUN DHANANJAYA', 'kasundhanajaya@gmail.com', 'PAID', '2025-07-11 05:09:57', '2025-07-11 05:10:39'),
(640491381, 64, 12, NULL, 2600, 'DILNETH KULASOORIYA', 'dilnethkulasooriya@gmail.com', 'PAID', '2025-07-11 05:02:23', '2025-07-11 05:02:43'),
(640535792, 64, 12, 95, 15600, 'SANDALI AKARSHA', 'sandaliakarsha@gmail.com', 'PAID', '2025-07-05 06:26:46', '2025-07-05 06:27:21'),
(640716339, 64, 12, 85, 3500, 'ISHARA SAHENSHI', 'sahenshi@gmail.com', 'PAID', '2025-07-07 17:39:44', '2025-07-07 17:39:55'),
(640739936, 64, 12, NULL, 5250, 'KASUNI WIKRAMASINGHE', 'kasuniwikramasinghe@gmail.com', 'PAID', '2025-07-10 18:43:32', '2025-07-10 18:44:07'),
(640937513, 64, 12, 1, 7000, 'LAKSHITHA RAJAPAKSHA', 'lakshitharajapaksha@gmail.com', 'PAID', '2025-07-11 05:42:39', '2025-07-11 05:43:12'),
(650433249, 65, 23, NULL, 3900, 'ASHEN GIMHAN', 'ashengimhan@gmail.com', 'PAID', '2025-07-10 19:36:51', '2025-07-10 19:37:21'),
(650654939, 65, 23, NULL, 14000, 'UDITH IMESH', 'udithimesh@gmail.com', 'PAID', '2025-07-09 06:19:32', '2025-07-09 06:20:18'),
(650834580, 65, 23, NULL, 3500, 'GAYSHAN RATHNAYAKE', 'gayashanrathnayake@gmail.com', 'PAID', '2025-07-11 05:52:24', '2025-07-11 05:52:57'),
(660358860, 66, 24, 93, 7800, 'NIMESH CHATHURANA', 'nimeshchathuranga@gmail.com', 'PAID', '2025-07-09 20:05:53', '2025-07-09 20:06:29'),
(660756704, 66, 24, 1, 3500, 'GITHMIN JAYAWARDHANA', 'admin@gmail.com', 'PAID', '2025-07-09 18:52:30', '2025-07-09 19:12:54'),
(680334524, 68, 24, NULL, 15600, 'ISURU PRABHATH KULASOORIYA', 'prabhath.kulasooriya@gmail.com', 'PAID', '2025-07-11 06:36:53', '2025-07-11 06:38:11'),
(690811210, 69, 23, NULL, 7000, 'INDIKA SAMPATH', 'indikasampath@gmail.com', 'PAID', '2025-07-09 19:45:28', '2025-07-09 19:46:10'),
(730545075, 73, 18, 85, 3900, 'ISHARA SAHENSHI', 'sahenshi@gmail.com', 'PAID', '2025-07-07 17:40:50', '2025-07-07 17:41:00'),
(730695035, 73, 18, 85, 7000, 'ISHARA SAHENSHI', 'sahenshi@gmail.com', 'PAID', '2025-07-09 14:57:45', '2025-07-09 14:57:57'),
(740339593, 74, 14, NULL, 5200, 'DILMI SATHKUMARA', 'dilmisathkumara@gmail.com', 'PAID', '2025-07-11 10:58:56', '2025-07-11 10:59:21'),
(740386978, 74, 14, 97, 7800, 'UMESHA KULASOORIYA', 'umeshakulasooriya@gmail.com', 'PAID', '2025-07-05 06:21:29', '2025-07-05 06:21:41'),
(740593291, 74, 14, NULL, 2600, 'UDITH MAHEESHA', 'udithmaheesha@gmail.com', 'PAID', '2025-07-10 18:49:58', '2025-07-10 18:50:18'),
(740673939, 74, 14, NULL, 3500, 'AKILA', 'akila@gmail.com', 'PAID', '2025-07-09 14:55:16', '2025-07-09 14:55:52'),
(740769356, 74, 14, 1, 7000, NULL, NULL, 'PENDING', '2025-07-12 15:05:28', '2025-07-12 15:05:28'),
(740836470, 74, 14, NULL, 3500, 'UDAN RAJAPAKSHA', 'udanrajapaksha@gmail.com', 'PAID', '2025-07-10 18:59:49', '2025-07-10 19:00:12'),
(750656570, 75, 11, 98, 21000, 'THATHSARA BANDARA', 'thathsara@gmail.com', 'PAID', '2025-07-07 13:01:21', '2025-07-07 13:04:21'),
(760306717, 76, 12, 99, 3900, 'DILNETH KULASOORIYA', 'dilnethkulasooriya11@gmail.com', 'PAID', '2025-07-12 13:39:21', '2025-07-12 13:39:42'),
(760332444, 76, 12, 93, 10400, 'DILNETH KULASOORIYA', 'dilnethkulasooriya@gmail.com', 'PAID', '2025-07-12 05:52:04', '2025-07-12 05:58:42'),
(760498933, 76, 12, 84, 4000, 'ISURU PRABHATH KULASOORIYA', 'prabhath.kulasooriya@gmail.com', 'PAID', '2025-07-12 15:07:40', '2025-07-12 15:08:15'),
(760595832, 76, 12, 1, 3900, 'DILNETH KULASOORIYA', 'dilnethkulasooriya@gmail.com', 'PAID', '2025-07-12 05:33:02', '2025-07-12 05:51:04'),
(770348270, 77, 18, NULL, 10400, 'DAMITH DILSHAN', 'damithdilshan@gmail.com', 'PAID', '2025-07-10 19:03:45', '2025-07-10 19:04:11'),
(770424687, 77, 18, NULL, 3900, 'NISAL GIMHANA', 'nisalgimhana@gmail.com', 'PAID', '2025-07-10 20:10:00', '2025-07-10 20:10:20'),
(770582840, 77, 18, NULL, 5200, 'AVISHKA BANDARA', 'avishkabandarea@gmail.com', 'PAID', '2025-07-10 18:52:43', '2025-07-10 18:53:20'),
(770731322, 77, 18, NULL, 14000, 'KAVINDU KALHARA', 'kavindukalhara@gmail.com', 'PAID', '2025-07-11 12:21:11', '2025-07-11 12:21:47'),
(780228825, 78, 23, 84, 13000, 'ISURU PRABHATH', 'prabhath.kulasooriya@gmail.com', 'PAID', '2025-07-07 10:31:34', '2025-07-07 11:33:48'),
(780297079, 78, 23, NULL, 3900, 'SANDALI AKARSHA', 'sandaliakarsha@gmail.com', 'PAID', '2025-07-10 19:07:41', '2025-07-10 19:08:14'),
(780734200, 78, 23, 98, 21000, 'THATHSARA BANDARA', 'thathsara@gmail.com', 'PAID', '2025-07-06 13:16:44', '2025-07-06 13:17:04'),
(830077192, 83, 24, NULL, 2600, 'KULASOORIYA', 'kulasooriya@gmail.com', 'PAID', '2025-07-08 08:06:11', '2025-07-08 08:07:39'),
(860339934, 86, 18, 84, 5200, 'ISURU PRABHATH', 'prabhath.kulasooriya@gmail.com', 'PAID', '2025-07-07 12:59:16', '2025-07-07 13:00:03'),
(870221034, 87, 23, 85, 5200, 'ISHARA SAHENSHI', 'sahenshi@gmail.com', 'PAID', '2025-07-07 17:40:18', '2025-07-07 17:40:27');

-- --------------------------------------------------------

--
-- Table structure for table `client`
--

CREATE TABLE `client` (
  `idclient` int(11) NOT NULL,
  `first_name` varchar(100) DEFAULT NULL,
  `last_name` varchar(100) DEFAULT NULL,
  `contact_number` varchar(10) DEFAULT NULL,
  `gender` varchar(45) DEFAULT NULL,
  `dob` date DEFAULT NULL,
  `updated_at` timestamp NULL DEFAULT NULL,
  `created_at` timestamp NULL DEFAULT NULL,
  `master_user_idmaster_user` int(11) NOT NULL
) ENGINE=InnoDB DEFAULT CHARSET=utf8;

--
-- Dumping data for table `client`
--

INSERT INTO `client` (`idclient`, `first_name`, `last_name`, `contact_number`, `gender`, `dob`, `updated_at`, `created_at`, `master_user_idmaster_user`) VALUES
(59, 'ISURU', 'PRABHATH KULASOORIYA', '0766961896', 'Male', '2000-04-07', '2025-07-11 07:52:54', '2025-03-27 08:53:51', 84),
(60, 'ISHARA', 'SAHENSHI', '0772797918', 'Male', '2000-04-14', '2025-07-11 07:41:30', '2025-03-27 09:02:07', 85),
(61, 'DILNETH', 'KULASOORIYA', '0765817918', 'Male', '2025-03-27', '2025-03-27 09:02:48', '2025-03-27 09:02:48', 86),
(63, 'PRABHATHA', 'KULASOORIYAA', '0766961999', 'Male', '2000-12-14', '2025-07-11 07:53:55', '2025-03-29 06:06:53', 88),
(65, 'ISURU P', 'KULASOORIYA', '0766961896', 'Male', '2000-04-07', '2025-06-22 15:57:01', '2025-06-22 15:52:29', 92),
(66, 'VIDULA', 'AKASH', '0771234567', 'Male', '2006-07-06', '2025-07-05 05:38:39', '2025-07-05 05:38:39', 94),
(67, 'SANDALI', 'AKARSHA', '0771234567', 'Female', '2004-07-01', '2025-07-05 05:39:59', '2025-07-05 05:39:59', 95),
(69, 'UMESHA', 'KULASOORIYA', '0766666666', 'Female', '1988-03-09', '2025-07-05 06:19:31', '2025-07-05 06:19:31', 97),
(70, 'THATHSARA', 'BANDARA', '0774561239', 'Male', '2000-05-01', '2025-07-06 13:14:59', '2025-07-06 13:14:59', 98),
(71, 'DILNETH', 'KULASOORIYA', '0760404849', 'Male', '2005-01-11', '2025-07-12 13:35:00', '2025-07-12 13:33:57', 99),
(72, 'KANTHI', 'RATHNAYAKE', '0765817918', 'Female', '1989-10-24', '2025-07-12 16:54:17', '2025-07-12 16:54:17', 102);

-- --------------------------------------------------------

--
-- Table structure for table `imageslider`
--

CREATE TABLE `imageslider` (
  `idimageSlider` int(11) NOT NULL,
  `movies_movie_id` int(11) NOT NULL,
  `movie_name` varchar(45) DEFAULT NULL,
  `image` varchar(45) DEFAULT NULL,
  `created_at` timestamp NULL DEFAULT NULL,
  `updated_at` timestamp NULL DEFAULT NULL
) ENGINE=InnoDB DEFAULT CHARSET=utf8;

--
-- Dumping data for table `imageslider`
--

INSERT INTO `imageslider` (`idimageSlider`, `movies_movie_id`, `movie_name`, `image`, `created_at`, `updated_at`) VALUES
(17, 14, 'MOANA 2', '1746641301.jpg', '2025-05-07 18:08:21', '2025-05-07 18:08:21'),
(19, 17, 'FURIOSA:MAD MAX SAGA', '1751569182.jpg', '2025-05-07 18:12:34', '2025-07-03 18:59:42'),
(20, 10, 'MUFASA: THE LION KING', '1751569156.jpg', '2025-05-07 18:13:59', '2025-07-03 18:59:16'),
(23, 23, 'THUNDERBOLTS', '1747285807.png', '2025-05-15 05:10:07', '2025-05-15 05:10:07'),
(24, 24, 'WALAMPURI', '1751603271.jpg', '2025-07-04 04:27:51', '2025-07-04 04:27:51');

-- --------------------------------------------------------

--
-- Table structure for table `master_user`
--

CREATE TABLE `master_user` (
  `idmaster_user` int(11) NOT NULL,
  `first_name` varchar(100) DEFAULT NULL,
  `last_name` varchar(100) DEFAULT NULL,
  `contact_number` varchar(10) DEFAULT NULL,
  `gender` varchar(45) DEFAULT NULL,
  `dob` date DEFAULT NULL,
  `email` varchar(150) DEFAULT NULL,
  `password` varchar(200) DEFAULT NULL,
  `status` int(11) DEFAULT NULL,
  `created_at` timestamp NULL DEFAULT NULL,
  `updated_at` timestamp NULL DEFAULT NULL,
  `user_role_iduser_role` int(11) NOT NULL
) ENGINE=InnoDB DEFAULT CHARSET=utf8;

--
-- Dumping data for table `master_user`
--

INSERT INTO `master_user` (`idmaster_user`, `first_name`, `last_name`, `contact_number`, `gender`, `dob`, `email`, `password`, `status`, `created_at`, `updated_at`, `user_role_iduser_role`) VALUES
(1, 'ADMIN', 'ACCOUNT', '0702691199', 'Female', '1995-01-19', 'admin@cineverse.lk', '4HsKWcPU3hdJxCxrvFHRGQ==', 1, '2022-02-09 07:35:03', '2025-07-12 18:32:23', 1),
(84, 'ISURU', 'PRABHATH KULASOORIYA', '0766961896', 'Male', '2000-04-07', 'prabhath.kulasooriya@gmail.com', '6vEq7td1at4WW3g24dFqLQ==', 1, '2025-03-27 08:53:51', '2025-07-11 07:52:54', 4),
(85, 'ISHARA', 'SAHENSHI', '0772797918', 'Male', '2000-04-14', 'sahenshi@gmail.com', '6vEq7td1at4WW3g24dFqLQ==', 1, '2025-03-27 09:02:07', '2025-07-11 07:41:30', 4),
(86, 'DILNETH', 'KULASOORIYA', '0765817918', 'Male', '2025-03-27', 'dilneth@gmail.com', '6vEq7td1at4WW3g24dFqLQ==', 1, '2025-03-27 09:02:48', '2025-03-27 09:02:48', 4),
(88, 'PRABHATHA', 'KULASOORIYAA', '0766961999', 'Male', '2000-12-14', 'prabhath@gmail.com', '6vEq7td1at4WW3g24dFqLQ==', 1, '2025-03-29 06:06:53', '2025-07-11 07:53:55', 4),
(90, 'PASINDU', 'BHANUKA', '0766666778', 'Male', '2000-07-29', 'pasindubhanuka@cineverse.lk', '6vEq7td1at4WW3g24dFqLQ==', 1, '2025-05-04 03:52:15', '2025-07-12 16:22:30', 2),
(92, 'ISURU', 'KULASOORIYA', '0766961896', 'Male', '2000-04-07', 'isuruprabhathkulasooriya@gmail.com', '6vEq7td1at4WW3g24dFqLQ==', 1, '2025-06-22 15:52:29', '2025-06-22 16:00:22', 4),
(93, 'TESHANI', 'RAVEENA', '0761234568', 'Female', '2000-02-10', 'teshani@cineverse.lk', '6vEq7td1at4WW3g24dFqLQ==', 1, '2025-07-03 15:29:27', '2025-07-11 07:30:58', 3),
(94, 'VIDULA', 'AKASH', '0771234567', 'Male', '2006-07-06', 'vidulaakash@gmail.com', '6vEq7td1at4WW3g24dFqLQ==', 1, '2025-07-05 05:38:39', '2025-07-05 05:38:39', 4),
(95, 'SANDALI', 'AKARSHA', '0771234567', 'Female', '2004-07-01', 'sandaliakarsha@gmail.com', '6vEq7td1at4WW3g24dFqLQ==', 1, '2025-07-05 05:39:59', '2025-07-05 05:39:59', 4),
(97, 'UMESHA', 'KULASOORIYA', '0766666666', 'Female', '1988-03-09', 'umeshakulasooriya@gmail.com', '6vEq7td1at4WW3g24dFqLQ==', 1, '2025-07-05 06:19:31', '2025-07-05 06:19:31', 4),
(98, 'THATHSARA', 'BANDARA', '0774561239', 'Male', '2000-05-01', 'thathsara@gmail.com', '6vEq7td1at4WW3g24dFqLQ==', 1, '2025-07-06 13:14:59', '2025-07-06 13:14:59', 4),
(99, 'DILNETH', 'KULASOORIYA', '0760404849', 'Male', '2005-01-11', 'dilneth.kulasooriya11@gmail.com', 'I4tNvtlHlkXXO75ilVx6kg==', 1, '2025-07-12 13:33:57', '2025-07-12 13:52:26', 4),
(101, 'GAYASHAN', 'NIMESHA', '0772772772', 'Male', '1998-07-14', 'gayashan.admin@cineverse.lk', '6vEq7td1at4WW3g24dFqLQ==', 1, '2025-07-12 16:01:14', '2025-07-12 16:01:14', 1),
(102, 'KANTHI', 'RATHNAYAKE', '0765817918', 'Female', '1989-10-24', 'kanthirathnayake@gmail.com', '6vEq7td1at4WW3g24dFqLQ==', 1, '2025-07-12 16:54:17', '2025-07-12 16:54:17', 4);

-- --------------------------------------------------------

--
-- Table structure for table `movies`
--

CREATE TABLE `movies` (
  `movie_id` int(11) NOT NULL,
  `name` varchar(45) DEFAULT NULL,
  `category` varchar(45) DEFAULT NULL,
  `duration` int(11) DEFAULT NULL,
  `language` varchar(45) DEFAULT NULL,
  `image` varchar(45) DEFAULT NULL,
  `rating` decimal(2,1) DEFAULT NULL,
  `release_date` date DEFAULT NULL,
  `trailer` varchar(2083) DEFAULT NULL,
  `status` int(11) DEFAULT NULL,
  `screening_status` int(11) NOT NULL,
  `created_at` timestamp NULL DEFAULT NULL,
  `updated_at` timestamp NULL DEFAULT NULL
) ENGINE=InnoDB DEFAULT CHARSET=utf8;

--
-- Dumping data for table `movies`
--

INSERT INTO `movies` (`movie_id`, `name`, `category`, `duration`, `language`, `image`, `rating`, `release_date`, `trailer`, `status`, `screening_status`, `created_at`, `updated_at`) VALUES
(10, 'MUFASA: THE LION KING', 'DRAMA', 135, 'ENGLISH', '1751568959.jpg', '6.6', '2024-12-20', 'https://www.imdb.com/title/tt13186482/?ref_=nv_sr_srsg_0_tt_5_nm_3_in_0_q_mufasa', 0, 0, '2025-03-28 17:11:25', '2025-07-12 14:01:12'),
(11, 'VENOM: THE LAST DANCE', 'ACTION', 135, 'ENGLISH', '1743581028.jpg', '6.0', '2024-10-25', 'https://www.imdb.com/title/tt16366836/?ref_=nv_sr_srsg_0_tt_6_nm_2_in_0_q_veno', 1, 1, '2025-04-02 08:03:48', '2025-07-03 18:42:52'),
(12, 'LUCKY BHASKAR', 'DRAMA', 140, 'TAMIL', '1743581076.png', '7.2', '2024-10-21', 'https://www.imdb.com/title/tt27540542/', 1, 1, '2025-04-02 08:04:36', '2025-07-03 18:42:54'),
(14, 'MOANA 2', 'FANTACY | ANIMATION', 105, 'ENGLISH', '1743581272.png', '6.6', '2024-11-27', 'https://www.imdb.com/title/tt13622970/?ref_=nv_sr_srsg_0_tt_6_nm_2_in_0_q_moana', 1, 1, '2025-04-02 08:07:52', '2025-05-17 12:46:56'),
(17, 'FURIOSA:MAD MAX SAGA', 'ACTION', 140, 'ENGLISH', '1751568978.jpg', '6.2', '2024-05-23', 'https://www.imdb.com/title/tt12037194/?ref_=fn_all_ttl_2', 0, 0, '2025-05-09 02:35:24', '2025-07-04 04:36:14'),
(18, 'JEWEL THIEF: THE HEIST BEGINS', 'ACTION | THRILLER | ADVENTURE', 116, 'HINDI', '1751568988.jpg', '4.1', '2025-04-25', 'https://www.imdb.com/title/tt27843798/?ref_=mv_close', 1, 1, '2025-05-12 06:29:29', '2025-07-03 18:56:28'),
(23, 'THUNDERBOLTS', 'ACTION | ADVENTURE | PG-13', 120, 'ENGLISH', '1747285791.jpg', '7.6', '2025-05-02', 'https://www.imdb.com/title/tt20969586/?ref_=chtmvm_t_1', 1, 1, '2025-05-15 05:09:51', '2025-05-17 12:46:58'),
(24, 'WALAMPURI', 'CRIME', 150, 'SINHALA', '1751603217.png', '8.7', '2025-04-25', 'https://www.youtube.com/watch?v=bOz69Hgk8RY', 1, 1, '2025-07-04 04:26:57', '2025-07-12 13:50:43');

-- --------------------------------------------------------

--
-- Table structure for table `payments`
--

CREATE TABLE `payments` (
  `payment_id` int(11) NOT NULL,
  `bookings_booking_id` bigint(20) NOT NULL,
  `email` varchar(45) DEFAULT NULL,
  `amount` varchar(45) DEFAULT NULL,
  `method` varchar(45) DEFAULT NULL,
  `created_at` timestamp NULL DEFAULT NULL,
  `updated_at` timestamp NULL DEFAULT NULL
) ENGINE=InnoDB DEFAULT CHARSET=utf8;

--
-- Dumping data for table `payments`
--

INSERT INTO `payments` (`payment_id`, `bookings_booking_id`, `email`, `amount`, `method`, `created_at`, `updated_at`) VALUES
(1, 430012315, 'isuru@gmail.com', '5200', NULL, '2025-07-04 07:04:38', '2025-07-04 07:04:38'),
(3, 430856013, 'prabhath.kulasooriya@gmail.com', '3500', NULL, '2025-07-04 07:08:34', '2025-07-04 07:08:34'),
(4, 430754502, 'test@gmail.com', '3500', NULL, '2025-07-04 07:20:18', '2025-07-04 07:20:18'),
(5, 430696056, 'test@gmail.com', '5250', NULL, '2025-07-04 07:21:16', '2025-07-04 07:21:16'),
(6, 430678871, 'kalpaniwijesinghe@gmail.com', '7000', NULL, '2025-07-04 07:22:01', '2025-07-04 07:22:01'),
(7, 450735009, 'kalpaniwijesinghe@gmail.com', '3500', NULL, '2025-07-04 07:22:43', '2025-07-04 07:22:43'),
(8, 430333481, 'prabhath.kulasooriya@gmail.com', '10400', NULL, '2025-07-04 07:30:45', '2025-07-04 07:30:45'),
(9, 470692328, 'prabhath.kulasooriya@gmail.com', '7000', NULL, '2025-07-04 07:37:25', '2025-07-04 07:37:25'),
(10, 43097985, 'sahenshi@gmail.com', '7000', NULL, '2025-07-04 20:10:19', '2025-07-04 20:10:19'),
(11, 430146908, 'achiragayan@gmail.com', '3900', NULL, '2025-07-04 20:22:57', '2025-07-04 20:22:57'),
(12, 430375768, 'tiranthilina@gmail.com', '5200', NULL, '2025-07-04 20:30:00', '2025-07-04 20:30:00'),
(13, 450571350, 'damithdilshan@gmail.com', '5200', NULL, '2025-07-04 20:31:26', '2025-07-04 20:31:26'),
(14, 610856197, 'vidulaakash@gmail.com', '14000', NULL, '2025-07-04 20:43:44', '2025-07-04 20:43:44'),
(15, 440332695, 'umeshakulasooriya@gmail.com', '10400', NULL, '2025-07-05 06:21:13', '2025-07-05 06:21:13'),
(16, 740386978, 'umeshakulasooriya@gmail.com', '7800', NULL, '2025-07-05 06:21:41', '2025-07-05 06:21:41'),
(17, 500697467, 'umeshakulasooriya@gmail.com', '14000', NULL, '2025-07-05 06:23:28', '2025-07-05 06:23:28'),
(18, 640535792, 'sandaliakarsha@gmail.com', '15600', NULL, '2025-07-05 06:27:21', '2025-07-05 06:27:21'),
(19, 780734200, 'thathsara@gmail.com', '21000', NULL, '2025-07-06 13:17:04', '2025-07-06 13:17:04'),
(20, 83069384, 'prabhath.kulasooriya@gmail.com', '14000', NULL, '2025-07-07 10:25:45', '2025-07-07 10:25:45'),
(21, 780228825, 'prabhath.kulasooriya@gmail.com', '13000', NULL, '2025-07-07 11:33:48', '2025-07-07 11:33:48'),
(22, 860339934, 'prabhath.kulasooriya@gmail.com', '5200', NULL, '2025-07-07 13:00:03', '2025-07-07 13:00:03'),
(23, 750656570, 'thathsara@gmail.com', '21000', NULL, '2025-07-07 13:04:21', '2025-07-07 13:04:21'),
(24, 59065623, 'anjalee@gmail.com', '14000', NULL, '2025-07-07 13:05:55', '2025-07-07 13:05:55'),
(25, 640716339, 'sahenshi@gmail.com', '3500', NULL, '2025-07-07 17:39:55', '2025-07-07 17:39:55'),
(26, 870221034, 'sahenshi@gmail.com', '5200', NULL, '2025-07-07 17:40:27', '2025-07-07 17:40:27'),
(27, 730545075, 'sahenshi@gmail.com', '3900', NULL, '2025-07-07 17:41:00', '2025-07-07 17:41:00'),
(28, 590348282, 'prabha@gmail.com', '9100', NULL, '2025-07-07 17:51:04', '2025-07-07 17:51:04'),
(29, 570299972, 'prabha@gmail.com', '10400', NULL, '2025-07-07 17:51:37', '2025-07-07 17:51:37'),
(30, 630677353, 'anjanakavitha@gmail.com', '3500', NULL, '2025-07-07 18:08:18', '2025-07-07 18:08:18'),
(31, 510458242, 'kanthirathnayake@gmail.com', '5200', NULL, '2025-07-07 18:09:09', '2025-07-07 18:09:09'),
(32, 51093223, 'malakagayashan@gmail.com', '3500', NULL, '2025-07-07 18:10:24', '2025-07-07 18:10:24'),
(33, 65074370, 'di123sahenshi@gmail.com', '3500', NULL, '2025-07-08 07:58:32', '2025-07-08 07:58:32'),
(34, 630572204, 'sahenshi@gmail.com', '5200', NULL, '2025-07-08 08:01:16', '2025-07-08 08:01:16'),
(35, 830077192, 'kulasooriya@gmail.com', '2600', NULL, '2025-07-08 08:07:39', '2025-07-08 08:07:39'),
(36, 650654939, 'udithimesh@gmail.com', '14000', NULL, '2025-07-09 06:20:18', '2025-07-09 06:20:18'),
(37, 630613039, 'kanthi@gmail.com', '1300', NULL, '2025-07-09 07:05:47', '2025-07-09 07:05:47'),
(38, 630331216, 'shashinisamudya@gmail.com', '5200', NULL, '2025-07-09 07:07:16', '2025-07-09 07:07:16'),
(39, 630312556, 'anomarajapaksha@gmail.com', '2600', NULL, '2025-07-09 13:57:29', '2025-07-09 13:57:29'),
(40, 630274285, 'fathimanusra@gmail.com', '3900', NULL, '2025-07-09 14:06:32', '2025-07-09 14:06:32'),
(41, 580452466, 'fathimanusra@gmail.com', '5200', NULL, '2025-07-09 14:14:24', '2025-07-09 14:14:24'),
(42, 630426438, 'anomarajapaksha@gmail.com', '3900', NULL, '2025-07-09 14:20:38', '2025-07-09 14:20:38'),
(43, 630735447, 'githmin@gmail.com', '3500', NULL, '2025-07-09 14:48:22', '2025-07-09 14:48:22'),
(44, 63025409, 'sanilheshan@gmai.com', '5200', NULL, '2025-07-09 14:51:05', '2025-07-09 14:51:05'),
(45, 630933367, 'dinethlahiru@gmail.com', '3500', NULL, '2025-07-09 14:52:21', '2025-07-09 14:52:21'),
(46, 740673939, 'akila@gmail.com', '3500', NULL, '2025-07-09 14:55:52', '2025-07-09 14:55:52'),
(47, 65034775, 'tharindujanith@gmail.com', '5200', NULL, '2025-07-09 14:56:52', '2025-07-09 14:56:52'),
(48, 730695035, 'sahenshi@gmail.com', '7000', NULL, '2025-07-09 14:57:57', '2025-07-09 14:57:57'),
(49, 590705622, 'admin@gmail.com', '3500', NULL, '2025-07-09 17:13:49', '2025-07-09 17:13:49'),
(50, 630757313, 'githmin@gmail.com', '3500', NULL, '2025-07-09 17:15:30', '2025-07-09 17:15:30'),
(51, 630134864, 'kasun@gmail.com', '5200', NULL, '2025-07-09 17:16:56', '2025-07-09 17:16:56'),
(52, 660756704, 'admin@gmail.com', '3500', 'CASH', '2025-07-09 19:12:54', '2025-07-09 19:12:54'),
(53, 63050934, 'dulmini@gmail.com', '3900', 'CASH', '2025-07-09 19:26:44', '2025-07-09 19:26:44'),
(54, 590735974, 'kasuniamaya@gmail.com', '3500', 'CASH', '2025-07-09 19:36:42', '2025-07-09 19:36:42'),
(55, 690811210, 'indikasampath@gmail.com', '7000', 'CARD', '2025-07-09 19:46:10', '2025-07-09 19:46:10'),
(56, 630705888, 'kasun@gmail.com', '1750', 'PAYPAL', '2025-07-09 20:04:29', '2025-07-09 20:04:29'),
(57, 660358860, 'nimeshchathuranga@gmail.com', '7800', 'CASH', '2025-07-09 20:06:29', '2025-07-09 20:06:29'),
(58, 600553943, 'githmin@gmail.com', '7800', 'CASH', '2025-07-09 20:12:28', '2025-07-09 20:12:28'),
(59, 600285956, 'kasun@gmail.com', '3900', 'CASH', '2025-07-09 20:14:56', '2025-07-09 20:14:56'),
(60, 590128705, 'gimhani@gmail.com', '2600', 'PAYPAL', '2025-07-09 20:15:52', '2025-07-09 20:15:52'),
(61, 600336912, 'gayan@gmail.com', '2600', 'PAYPAL', '2025-07-09 20:20:49', '2025-07-09 20:20:49'),
(62, 640739936, 'kasuniwikramasinghe@gmail.com', '5250', 'PAYPAL', '2025-07-10 18:44:07', '2025-07-10 18:44:07'),
(63, 630856175, 'kasuniwikramasinghe@gmail.com', '3500', 'PAYPAL', '2025-07-10 18:44:35', '2025-07-10 18:44:35'),
(64, 63097811, 'kasuniwikramasinghe@gmail.com', '3500', 'CARD', '2025-07-10 18:45:08', '2025-07-10 18:45:08'),
(65, 630834860, 'gimhani@gmaiil.com', '3500', 'PAYPAL', '2025-07-10 18:47:50', '2025-07-10 18:47:50'),
(66, 630465906, 'tiranthilina@gmail.com', '5200', 'CARD', '2025-07-10 18:48:53', '2025-07-10 18:48:53'),
(67, 740593291, 'udithmaheesha@gmail.com', '2600', 'PAYPAL', '2025-07-10 18:50:18', '2025-07-10 18:50:18'),
(68, 770582840, 'avishkabandarea@gmail.com', '5200', 'PAYPAL', '2025-07-10 18:53:20', '2025-07-10 18:53:20'),
(69, 740836470, 'udanrajapaksha@gmail.com', '3500', 'PAYPAL', '2025-07-10 19:00:12', '2025-07-10 19:00:12'),
(70, 770348270, 'damithdilshan@gmail.com', '10400', 'CARD', '2025-07-10 19:04:11', '2025-07-10 19:04:11'),
(71, 780297079, 'sandaliakarsha@gmail.com', '3900', 'CARD', '2025-07-10 19:08:14', '2025-07-10 19:08:14'),
(72, 650433249, 'ashengimhan@gmail.com', '3900', 'PAYPAL', '2025-07-10 19:37:21', '2025-07-10 19:37:21'),
(73, 770424687, 'nisalgimhana@gmail.com', '3900', 'PAYPAL', '2025-07-10 20:10:20', '2025-07-10 20:10:20'),
(74, 640491381, 'dilnethkulasooriya@gmail.com', '2600', 'PAYPAL', '2025-07-11 05:02:43', '2025-07-11 05:02:43'),
(75, 640235961, 'kasundhanajaya@gmail.com', '10400', 'CARD', '2025-07-11 05:10:39', '2025-07-11 05:10:39'),
(76, 640937513, 'lakshitharajapaksha@gmail.com', '7000', 'CASH', '2025-07-11 05:43:12', '2025-07-11 05:43:12'),
(77, 6401170, 'taniyagamage@gmail.com', '10400', 'CARD', '2025-07-11 05:47:29', '2025-07-11 05:47:29'),
(78, 650834580, 'gayashanrathnayake@gmail.com', '3500', 'CARD', '2025-07-11 05:52:57', '2025-07-11 05:52:57'),
(79, 68073631, 'isharasahenshi@gmail.com', '7000', 'CASH', '2025-07-11 06:37:38', '2025-07-11 06:37:38'),
(80, 680334524, 'prabhath.kulasooriya@gmail.com', '15600', 'CARD', '2025-07-11 06:38:11', '2025-07-11 06:38:11'),
(81, 630056960, 'prabhaweetheekshana@gmail.com', '2600', 'CASH', '2025-07-11 08:10:06', '2025-07-11 08:10:06'),
(82, 740339593, 'dilmisathkumara@gmail.com', '5200', 'PAYPAL', '2025-07-11 10:59:21', '2025-07-11 10:59:21'),
(83, 770731322, 'kavindukalhara@gmail.com', '14000', 'PAYPAL', '2025-07-11 12:21:47', '2025-07-11 12:21:47'),
(84, 760595832, 'dilnethkulasooriya@gmail.com', '3900', 'CASH', '2025-07-12 05:51:04', '2025-07-12 05:51:04'),
(85, 760332444, 'dilnethkulasooriya@gmail.com', '10400', 'CASH', '2025-07-12 05:58:42', '2025-07-12 05:58:42'),
(86, 71001600, 'dilnethkulasooriya11@gmail.com', '36000', 'CARD', '2025-07-12 13:29:51', '2025-07-12 13:29:51'),
(87, 760306717, 'dilnethkulasooriya11@gmail.com', '3900', 'CARD', '2025-07-12 13:39:42', '2025-07-12 13:39:42'),
(88, 760498933, 'prabhath.kulasooriya@gmail.com', '4000', 'CARD', '2025-07-12 15:08:15', '2025-07-12 15:08:15');

-- --------------------------------------------------------

--
-- Table structure for table `seats`
--

CREATE TABLE `seats` (
  `seat_id` int(11) NOT NULL,
  `row` varchar(2) NOT NULL,
  `number` int(11) NOT NULL,
  `created_at` timestamp NULL DEFAULT NULL,
  `updated_at` timestamp NULL DEFAULT NULL,
  `seat_type_idseat_type` int(11) NOT NULL
) ENGINE=InnoDB DEFAULT CHARSET=utf8;

--
-- Dumping data for table `seats`
--

INSERT INTO `seats` (`seat_id`, `row`, `number`, `created_at`, `updated_at`, `seat_type_idseat_type`) VALUES
(1, 'A', 1, '2025-06-24 17:37:30', '2025-06-24 17:37:30', 1),
(2, 'A', 2, '2025-06-24 17:37:30', '2025-06-24 17:37:30', 1),
(3, 'A', 3, '2025-06-24 17:37:30', '2025-06-24 17:37:30', 1),
(4, 'A', 4, '2025-06-24 17:37:30', '2025-06-24 17:37:30', 1),
(5, 'B', 1, '2025-06-24 17:37:30', '2025-06-24 17:37:30', 1),
(6, 'B', 2, '2025-06-24 17:37:30', '2025-06-24 17:37:30', 1),
(7, 'B', 3, '2025-06-24 17:37:30', '2025-06-24 17:37:30', 1),
(8, 'B', 4, '2025-06-24 17:37:30', '2025-06-24 17:37:30', 1),
(9, 'B', 5, '2025-06-24 17:37:30', '2025-06-24 17:37:30', 1),
(10, 'B', 6, '2025-06-24 17:37:30', '2025-06-24 17:37:30', 1),
(11, 'C', 1, '2025-06-24 17:37:30', '2025-06-24 17:37:30', 1),
(12, 'C', 2, '2025-06-24 17:37:30', '2025-06-24 17:37:30', 1),
(13, 'C', 3, '2025-06-24 17:37:30', '2025-06-24 17:37:30', 1),
(14, 'C', 4, '2025-06-24 17:37:30', '2025-06-24 17:37:30', 1),
(15, 'C', 5, '2025-06-24 17:37:30', '2025-06-24 17:37:30', 1),
(16, 'C', 6, '2025-06-24 17:37:30', '2025-06-24 17:37:30', 1),
(17, 'C', 7, '2025-06-24 17:37:30', '2025-06-24 17:37:30', 1),
(18, 'C', 8, '2025-06-24 17:37:30', '2025-06-24 17:37:30', 1),
(19, 'D', 1, '2025-06-24 17:37:30', '2025-06-24 17:37:30', 1),
(20, 'D', 2, '2025-06-24 17:37:30', '2025-06-24 17:37:30', 1),
(21, 'D', 3, '2025-06-24 17:37:30', '2025-06-24 17:37:30', 1),
(22, 'D', 4, '2025-06-24 17:37:30', '2025-06-24 17:37:30', 1),
(23, 'D', 5, '2025-06-24 17:37:30', '2025-06-24 17:37:30', 1),
(24, 'D', 6, '2025-06-24 17:37:30', '2025-06-24 17:37:30', 1),
(25, 'D', 7, '2025-06-24 17:37:30', '2025-06-24 17:37:30', 1),
(26, 'D', 8, '2025-06-24 17:37:30', '2025-06-24 17:37:30', 1),
(27, 'D', 9, '2025-06-24 17:37:30', '2025-06-24 17:37:30', 1),
(28, 'D', 10, '2025-06-24 17:37:30', '2025-06-24 17:37:30', 1),
(29, 'E', 1, '2025-06-24 17:37:30', '2025-06-24 17:37:30', 1),
(30, 'E', 2, '2025-06-24 17:37:30', '2025-06-24 17:37:30', 1),
(31, 'E', 3, '2025-06-24 17:37:30', '2025-06-24 17:37:30', 1),
(32, 'E', 4, '2025-06-24 17:37:30', '2025-06-24 17:37:30', 1),
(33, 'E', 5, '2025-06-24 17:37:30', '2025-06-24 17:37:30', 1),
(34, 'E', 6, '2025-06-24 17:37:30', '2025-06-24 17:37:30', 1),
(35, 'E', 7, '2025-06-24 17:37:30', '2025-06-24 17:37:30', 1),
(36, 'E', 8, '2025-06-24 17:37:30', '2025-06-24 17:37:30', 1),
(37, 'E', 9, '2025-06-24 17:37:30', '2025-06-24 17:37:30', 1),
(38, 'E', 10, '2025-06-24 17:37:30', '2025-06-24 17:37:30', 1),
(39, 'E', 11, '2025-06-24 17:37:30', '2025-06-24 17:37:30', 1),
(40, 'E', 12, '2025-06-24 17:37:30', '2025-06-24 17:37:30', 1),
(41, 'F', 1, '2025-06-24 17:37:30', '2025-06-24 17:37:30', 1),
(42, 'F', 2, '2025-06-24 17:37:30', '2025-06-24 17:37:30', 1),
(43, 'F', 3, '2025-06-24 17:37:30', '2025-06-24 17:37:30', 1),
(44, 'F', 4, '2025-06-24 17:37:30', '2025-06-24 17:37:30', 1),
(45, 'F', 5, '2025-06-24 17:37:30', '2025-06-24 17:37:30', 1),
(46, 'F', 6, '2025-06-24 17:37:30', '2025-06-24 17:37:30', 1),
(47, 'F', 7, '2025-06-24 17:37:30', '2025-06-24 17:37:30', 1),
(48, 'F', 8, '2025-06-24 17:37:30', '2025-06-24 17:37:30', 1),
(49, 'F', 9, '2025-06-24 17:37:30', '2025-06-24 17:37:30', 1),
(50, 'F', 10, '2025-06-24 17:37:30', '2025-06-24 17:37:30', 1),
(51, 'F', 11, '2025-06-24 17:37:30', '2025-06-24 17:37:30', 1),
(52, 'F', 12, '2025-06-24 17:37:30', '2025-06-24 17:37:30', 1),
(53, 'G', 1, '2025-06-24 17:37:30', '2025-06-24 17:37:30', 1),
(54, 'G', 2, '2025-06-24 17:37:30', '2025-06-24 17:37:30', 1),
(55, 'G', 3, '2025-06-24 17:37:30', '2025-06-24 17:37:30', 1),
(56, 'G', 4, '2025-06-24 17:37:30', '2025-06-24 17:37:30', 1),
(57, 'G', 5, '2025-06-24 17:37:30', '2025-06-24 17:37:30', 1),
(58, 'G', 6, '2025-06-24 17:37:30', '2025-06-24 17:37:30', 1),
(59, 'G', 7, '2025-06-24 17:37:30', '2025-06-24 17:37:30', 1),
(60, 'G', 8, '2025-06-24 17:37:30', '2025-06-24 17:37:30', 1),
(61, 'G', 9, '2025-06-24 17:37:30', '2025-06-24 17:37:30', 1),
(62, 'G', 10, '2025-06-24 17:37:30', '2025-06-24 17:37:30', 1),
(63, 'G', 11, '2025-06-24 17:37:30', '2025-06-24 17:37:30', 1),
(64, 'G', 12, '2025-06-24 17:37:30', '2025-06-24 17:37:30', 1),
(65, 'H', 1, '2025-06-24 17:37:30', '2025-06-24 17:37:30', 2),
(66, 'H', 2, '2025-06-24 17:37:30', '2025-06-24 17:37:30', 2),
(67, 'H', 3, '2025-06-24 17:37:30', '2025-06-24 17:37:30', 2),
(68, 'H', 4, '2025-06-24 17:37:30', '2025-06-24 17:37:30', 2),
(69, 'H', 5, '2025-06-24 17:37:30', '2025-06-24 17:37:30', 2),
(70, 'H', 6, '2025-06-24 17:37:30', '2025-06-24 17:37:30', 2),
(71, 'H', 7, '2025-06-24 17:37:30', '2025-06-24 17:37:30', 2),
(72, 'H', 8, '2025-06-24 17:37:30', '2025-06-24 17:37:30', 2),
(73, 'H', 9, '2025-06-24 17:37:30', '2025-06-24 17:37:30', 2),
(74, 'H', 10, '2025-06-24 17:37:30', '2025-06-24 17:37:30', 2),
(75, 'H', 11, '2025-06-24 17:37:30', '2025-06-24 17:37:30', 2),
(76, 'H', 12, '2025-06-24 17:37:30', '2025-06-24 17:37:30', 2),
(77, 'I', 1, '2025-06-24 17:37:30', '2025-06-24 17:37:30', 2),
(78, 'I', 2, '2025-06-24 17:37:30', '2025-06-24 17:37:30', 2),
(79, 'I', 3, '2025-06-24 17:37:30', '2025-06-24 17:37:30', 2),
(80, 'I', 4, '2025-06-24 17:37:30', '2025-06-24 17:37:30', 2),
(81, 'I', 5, '2025-06-24 17:37:30', '2025-06-24 17:37:30', 2),
(82, 'I', 6, '2025-06-24 17:37:30', '2025-06-24 17:37:30', 2),
(83, 'I', 7, '2025-06-24 17:37:30', '2025-06-24 17:37:30', 2),
(84, 'I', 8, '2025-06-24 17:37:30', '2025-06-24 17:37:30', 2),
(85, 'I', 9, '2025-06-24 17:37:30', '2025-06-24 17:37:30', 2),
(86, 'I', 10, '2025-06-24 17:37:30', '2025-06-24 17:37:30', 2),
(87, 'I', 11, '2025-06-24 17:37:30', '2025-06-24 17:37:30', 2),
(88, 'I', 12, '2025-06-24 17:37:30', '2025-06-24 17:37:30', 2),
(89, 'J', 1, '2025-06-24 17:37:30', '2025-06-24 17:37:30', 2),
(90, 'J', 2, '2025-06-24 17:37:30', '2025-06-24 17:37:30', 2),
(91, 'J', 3, '2025-06-24 17:37:30', '2025-06-24 17:37:30', 2),
(92, 'J', 4, '2025-06-24 17:37:30', '2025-06-24 17:37:30', 2),
(93, 'J', 5, '2025-06-24 17:37:30', '2025-06-24 17:37:30', 2),
(94, 'J', 6, '2025-06-24 17:37:30', '2025-06-24 17:37:30', 2),
(95, 'J', 7, '2025-06-24 17:37:30', '2025-06-24 17:37:30', 2),
(96, 'J', 8, '2025-06-24 17:37:30', '2025-06-24 17:37:30', 2),
(97, 'J', 9, '2025-06-24 17:37:30', '2025-06-24 17:37:30', 2),
(98, 'J', 10, '2025-06-24 17:37:30', '2025-06-24 17:37:30', 2),
(99, 'J', 11, '2025-06-24 17:37:30', '2025-06-24 17:37:30', 2),
(100, 'J', 12, '2025-06-24 17:37:30', '2025-06-24 17:37:30', 2);

-- --------------------------------------------------------

--
-- Table structure for table `seat_type`
--

CREATE TABLE `seat_type` (
  `idseat_type` int(11) NOT NULL,
  `type` varchar(45) DEFAULT NULL,
  `price` varchar(45) DEFAULT NULL,
  `created_at` timestamp NULL DEFAULT NULL,
  `updated_at` timestamp NULL DEFAULT NULL
) ENGINE=InnoDB DEFAULT CHARSET=utf8;

--
-- Dumping data for table `seat_type`
--

INSERT INTO `seat_type` (`idseat_type`, `type`, `price`, `created_at`, `updated_at`) VALUES
(1, 'STANDARD', '1000', NULL, '2025-07-12 13:45:57'),
(2, 'PRIME', '1750', NULL, '2025-07-12 13:45:40');

-- --------------------------------------------------------

--
-- Table structure for table `shows`
--

CREATE TABLE `shows` (
  `show_id` int(11) NOT NULL,
  `movies_movie_id` int(11) NOT NULL,
  `date` date NOT NULL,
  `time` time NOT NULL,
  `created_at` timestamp NULL DEFAULT NULL,
  `updated_at` timestamp NULL DEFAULT NULL
) ENGINE=InnoDB DEFAULT CHARSET=utf8;

--
-- Dumping data for table `shows`
--

INSERT INTO `shows` (`show_id`, `movies_movie_id`, `date`, `time`, `created_at`, `updated_at`) VALUES
(1, 10, '2025-05-12', '10:00:00', '2025-05-11 03:33:25', '2025-05-12 17:20:32'),
(2, 11, '2025-05-12', '14:00:00', '2025-05-12 15:29:50', '2025-05-12 16:52:05'),
(3, 12, '2025-05-12', '18:00:00', '2025-05-12 17:29:38', '2025-05-12 17:29:38'),
(4, 14, '2025-05-12', '22:00:00', '2025-05-12 17:30:49', '2025-05-12 17:30:49'),
(5, 10, '2025-05-13', '10:00:00', '2025-05-12 17:31:13', '2025-05-12 17:31:13'),
(6, 11, '2025-05-13', '14:00:00', '2025-05-12 17:31:33', '2025-05-12 17:31:33'),
(7, 12, '2025-05-13', '18:00:00', '2025-05-12 17:31:45', '2025-05-12 17:31:45'),
(8, 14, '2025-05-13', '22:00:00', '2025-05-12 17:31:57', '2025-05-12 17:31:57'),
(9, 10, '2025-05-14', '10:00:00', '2025-05-12 17:34:28', '2025-05-12 17:34:28'),
(10, 11, '2025-05-14', '14:00:00', '2025-05-12 17:34:43', '2025-05-12 17:34:43'),
(11, 12, '2025-05-14', '18:00:00', '2025-05-12 17:34:54', '2025-05-12 17:34:54'),
(12, 14, '2025-05-14', '22:00:00', '2025-05-12 17:35:06', '2025-05-12 17:35:06'),
(13, 18, '2025-05-15', '10:00:00', '2025-05-13 03:12:18', '2025-05-13 03:12:18'),
(14, 18, '2025-05-15', '14:00:00', '2025-05-13 03:49:12', '2025-05-13 03:49:12'),
(15, 18, '2025-05-15', '18:00:00', '2025-05-13 03:49:36', '2025-05-13 03:49:36'),
(16, 18, '2025-05-15', '22:00:00', '2025-05-13 03:49:45', '2025-05-13 03:49:45'),
(17, 11, '2025-05-16', '10:00:00', '2025-05-13 05:07:25', '2025-05-13 05:07:25'),
(18, 14, '2025-05-16', '14:00:00', '2025-05-13 05:07:38', '2025-05-13 05:07:38'),
(19, 10, '2025-05-16', '22:00:00', '2025-05-14 10:48:29', '2025-05-14 10:48:29'),
(20, 17, '2025-05-17', '10:00:00', '2025-05-14 10:49:04', '2025-05-14 10:49:04'),
(21, 17, '2025-05-17', '18:00:00', '2025-05-14 10:49:14', '2025-05-14 10:49:14'),
(22, 18, '2025-05-17', '14:00:00', '2025-05-14 10:49:35', '2025-05-14 10:49:35'),
(23, 18, '2025-05-17', '22:00:00', '2025-05-14 10:49:54', '2025-05-14 10:49:54'),
(24, 12, '2025-05-18', '10:00:00', '2025-05-14 10:50:04', '2025-05-14 10:50:04'),
(25, 10, '2025-05-18', '14:00:00', '2025-05-14 10:50:17', '2025-05-14 10:50:17'),
(26, 12, '2025-05-18', '18:00:00', '2025-05-14 10:50:32', '2025-05-14 10:50:32'),
(27, 17, '2025-05-18', '22:00:00', '2025-05-14 10:50:50', '2025-05-14 10:50:50'),
(28, 23, '2025-05-20', '10:00:00', '2025-05-15 05:38:31', '2025-05-15 05:38:31'),
(29, 23, '2025-05-20', '14:00:00', '2025-05-15 05:51:09', '2025-05-15 05:51:09'),
(30, 23, '2025-05-21', '10:00:00', '2025-05-15 06:15:08', '2025-05-15 06:15:08'),
(31, 10, '2025-07-01', '10:00:00', '2025-06-18 04:09:26', '2025-06-18 04:09:26'),
(32, 10, '2025-07-01', '14:00:00', '2025-06-18 04:09:38', '2025-06-18 04:09:38'),
(33, 10, '2025-07-01', '18:00:00', '2025-06-18 04:09:50', '2025-06-18 04:09:50'),
(34, 10, '2025-07-01', '22:00:00', '2025-06-18 04:09:59', '2025-06-18 04:09:59'),
(35, 14, '2025-07-02', '10:00:00', '2025-06-18 04:15:16', '2025-06-18 04:15:16'),
(36, 14, '2025-07-02', '14:00:00', '2025-06-18 04:15:36', '2025-06-18 04:15:36'),
(37, 14, '2025-07-02', '18:00:00', '2025-06-18 04:15:45', '2025-06-18 04:15:45'),
(38, 14, '2025-07-02', '22:00:00', '2025-06-18 04:15:55', '2025-06-18 04:15:55'),
(39, 18, '2025-07-03', '10:00:00', '2025-06-18 04:49:13', '2025-06-18 04:51:46'),
(40, 18, '2025-07-03', '14:00:00', '2025-06-18 04:54:54', '2025-06-18 04:54:54'),
(41, 14, '2025-07-03', '18:00:00', '2025-06-18 05:02:11', '2025-06-18 05:02:11'),
(42, 14, '2025-07-03', '22:00:00', '2025-06-18 05:02:21', '2025-06-18 05:02:21'),
(43, 14, '2025-07-06', '10:00:00', '2025-07-04 04:32:52', '2025-07-04 04:32:52'),
(44, 23, '2025-07-06', '14:00:00', '2025-07-04 04:33:28', '2025-07-04 04:33:28'),
(45, 24, '2025-07-06', '18:00:00', '2025-07-04 04:34:07', '2025-07-04 04:34:07'),
(46, 18, '2025-07-06', '22:00:00', '2025-07-04 04:34:23', '2025-07-04 04:34:23'),
(47, 14, '2025-07-07', '10:00:00', '2025-07-04 04:34:40', '2025-07-04 04:34:40'),
(48, 14, '2025-07-07', '14:00:00', '2025-07-04 04:34:50', '2025-07-04 04:34:50'),
(49, 24, '2025-07-07', '18:00:00', '2025-07-04 04:35:12', '2025-07-04 04:35:12'),
(50, 18, '2025-07-07', '22:00:00', '2025-07-04 04:46:07', '2025-07-04 04:46:07'),
(51, 14, '2025-07-08', '10:00:00', '2025-07-04 04:46:27', '2025-07-04 04:46:27'),
(57, 24, '2025-07-09', '18:00:00', '2025-07-04 04:47:58', '2025-07-05 08:30:21'),
(58, 24, '2025-07-09', '22:00:00', '2025-07-04 04:48:06', '2025-07-04 04:48:06'),
(59, 11, '2025-07-10', '10:00:00', '2025-07-04 04:48:17', '2025-07-04 04:48:17'),
(60, 11, '2025-07-10', '14:00:00', '2025-07-04 04:48:31', '2025-07-04 04:48:31'),
(61, 12, '2025-07-10', '18:00:00', '2025-07-04 04:48:44', '2025-07-04 04:48:44'),
(62, 23, '2025-07-10', '22:00:00', '2025-07-04 04:49:24', '2025-07-04 04:49:24'),
(63, 14, '2025-07-11', '10:00:00', '2025-07-04 04:49:37', '2025-07-04 04:49:37'),
(64, 12, '2025-07-11', '14:00:00', '2025-07-04 04:49:47', '2025-07-04 04:49:47'),
(65, 23, '2025-07-11', '18:00:00', '2025-07-04 04:49:58', '2025-07-04 04:49:58'),
(66, 24, '2025-07-11', '22:00:00', '2025-07-04 04:50:16', '2025-07-04 04:50:16'),
(67, 23, '2025-07-12', '10:00:00', '2025-07-04 04:50:27', '2025-07-04 04:50:27'),
(68, 24, '2025-07-12', '14:00:00', '2025-07-04 04:50:40', '2025-07-04 04:50:40'),
(69, 23, '2055-12-01', '18:00:00', '2025-07-04 04:50:52', '2025-07-12 15:27:37'),
(70, 24, '2025-07-12', '22:00:00', '2025-07-04 04:51:02', '2025-07-04 04:51:02'),
(71, 24, '2025-08-02', '18:00:00', '2025-07-04 04:51:17', '2025-07-04 04:51:17'),
(72, 24, '2025-08-02', '22:00:00', '2025-07-04 04:51:32', '2025-07-04 04:51:32'),
(73, 18, '2025-08-02', '14:00:00', '2025-07-04 04:51:53', '2025-07-04 04:51:53'),
(74, 14, '2025-08-02', '10:00:00', '2025-07-04 04:52:12', '2025-07-04 04:52:12'),
(75, 11, '2025-08-03', '10:00:00', '2025-07-04 04:55:27', '2025-07-04 04:55:27'),
(76, 12, '2025-08-03', '14:00:00', '2025-07-04 04:55:39', '2025-07-04 04:55:39'),
(77, 18, '2025-08-03', '18:00:00', '2025-07-04 04:55:52', '2025-07-04 04:55:52'),
(78, 23, '2025-08-03', '22:00:00', '2025-07-04 04:56:45', '2025-07-04 04:56:45'),
(79, 14, '2025-07-04', '22:00:00', '2025-07-04 12:30:42', '2025-07-04 12:30:42'),
(80, 14, '2025-07-04', '10:00:00', '2025-07-04 13:23:33', '2025-07-04 13:23:33'),
(81, 12, '2025-07-04', '14:00:00', '2025-07-04 13:23:43', '2025-07-04 13:23:43'),
(82, 18, '2025-07-04', '18:00:00', '2025-07-04 13:23:53', '2025-07-04 13:23:53'),
(83, 24, '2025-07-13', '10:00:00', '2025-07-05 07:15:04', '2025-07-05 07:15:04'),
(84, 14, '2025-07-08', '14:00:00', '2025-07-05 08:31:46', '2025-07-05 08:31:46'),
(85, 24, '2025-07-08', '18:00:00', '2025-07-05 08:32:01', '2025-07-05 08:32:01'),
(86, 18, '2025-07-08', '22:00:00', '2025-07-05 08:32:10', '2025-07-05 08:32:10'),
(87, 23, '2025-07-09', '14:00:00', '2025-07-05 08:32:20', '2025-07-05 08:32:20'),
(88, 14, '2025-07-09', '10:00:00', '2025-07-05 08:32:30', '2025-07-05 08:32:30'),
(89, 14, '2025-07-13', '14:00:00', '2025-07-12 17:04:35', '2025-07-12 17:04:35'),
(90, 14, '2025-07-16', '10:00:00', '2025-07-12 17:04:56', '2025-07-12 17:04:56'),
(91, 14, '2025-07-16', '14:00:00', '2025-07-12 17:05:05', '2025-07-12 17:05:05'),
(92, 11, '2025-07-13', '18:00:00', '2025-07-12 17:05:18', '2025-07-12 17:05:18'),
(93, 24, '2025-07-13', '22:00:00', '2025-07-12 17:05:33', '2025-07-12 17:05:33'),
(94, 18, '2025-07-16', '18:00:00', '2025-07-12 17:05:42', '2025-07-12 17:05:42'),
(95, 18, '2025-07-16', '22:00:00', '2025-07-12 17:05:52', '2025-07-12 17:05:52'),
(96, 14, '2025-07-14', '10:00:00', '2025-07-12 17:06:04', '2025-07-12 17:06:04'),
(97, 12, '2025-07-14', '14:00:00', '2025-07-12 17:06:13', '2025-07-12 17:06:13'),
(98, 23, '2025-07-14', '18:00:00', '2025-07-12 17:06:27', '2025-07-12 17:06:27'),
(99, 24, '2025-07-14', '22:00:00', '2025-07-12 17:06:35', '2025-07-12 17:06:35'),
(100, 12, '2025-07-15', '10:00:00', '2025-07-12 17:06:47', '2025-07-12 17:06:47'),
(101, 23, '2025-07-15', '14:00:00', '2025-07-12 17:10:04', '2025-07-12 17:10:04');

-- --------------------------------------------------------

--
-- Table structure for table `showtimes`
--

CREATE TABLE `showtimes` (
  `idshowtimes` int(11) NOT NULL,
  `time` time DEFAULT NULL,
  `status` int(11) DEFAULT NULL,
  `created_at` timestamp NULL DEFAULT NULL,
  `updated_at` timestamp NULL DEFAULT NULL
) ENGINE=InnoDB DEFAULT CHARSET=utf8;

--
-- Dumping data for table `showtimes`
--

INSERT INTO `showtimes` (`idshowtimes`, `time`, `status`, `created_at`, `updated_at`) VALUES
(1, '10:00:00', 1, '2025-05-10 17:27:38', '2025-07-12 13:49:56'),
(2, '14:00:00', 1, '2025-05-10 15:44:43', '2025-05-10 17:40:16'),
(3, '18:00:00', 1, '2025-05-10 15:46:18', '2025-05-14 07:55:19'),
(4, '22:00:00', 1, '2025-05-10 15:57:52', '2025-05-14 07:55:19');

-- --------------------------------------------------------

--
-- Table structure for table `user_role`
--

CREATE TABLE `user_role` (
  `iduser_role` int(11) NOT NULL,
  `role_name` varchar(45) DEFAULT NULL,
  `role_description` varchar(50) DEFAULT NULL,
  `status` int(11) DEFAULT NULL
) ENGINE=InnoDB DEFAULT CHARSET=utf8;

--
-- Dumping data for table `user_role`
--

INSERT INTO `user_role` (`iduser_role`, `role_name`, `role_description`, `status`) VALUES
(1, 'System Administrator', 'System administrator', 1),
(2, 'Management Employee', 'System moderator', 1),
(3, 'Ticket Counter Employee', 'System Moderator', 1),
(4, 'Customer', 'Cineverse Customer', 1);

--
-- Indexes for dumped tables
--

--
-- Indexes for table `booked_seats`
--
ALTER TABLE `booked_seats`
  ADD PRIMARY KEY (`booked_seats_id`),
  ADD KEY `fk_booked_seats_bookings1_idx` (`bookings_booking_id`),
  ADD KEY `fk_booked_seats_seats1_idx` (`seats_seat_id`);

--
-- Indexes for table `bookings`
--
ALTER TABLE `bookings`
  ADD PRIMARY KEY (`booking_id`),
  ADD KEY `fk_bookings_shows1_idx` (`shows_show_id`),
  ADD KEY `fk_bookings_movies1_idx` (`movies_movie_id`),
  ADD KEY `fk_bookings_master_user1_idx` (`master_user_idmaster_user`);

--
-- Indexes for table `client`
--
ALTER TABLE `client`
  ADD PRIMARY KEY (`idclient`),
  ADD KEY `fk_client_master_user1_idx` (`master_user_idmaster_user`);

--
-- Indexes for table `imageslider`
--
ALTER TABLE `imageslider`
  ADD PRIMARY KEY (`idimageSlider`),
  ADD KEY `fk_imageSlider_movies1_idx` (`movies_movie_id`);

--
-- Indexes for table `master_user`
--
ALTER TABLE `master_user`
  ADD PRIMARY KEY (`idmaster_user`),
  ADD KEY `fk_master_user_user_role_idx` (`user_role_iduser_role`);

--
-- Indexes for table `movies`
--
ALTER TABLE `movies`
  ADD PRIMARY KEY (`movie_id`);

--
-- Indexes for table `payments`
--
ALTER TABLE `payments`
  ADD PRIMARY KEY (`payment_id`),
  ADD KEY `fk_payment_bookings1_idx` (`bookings_booking_id`);

--
-- Indexes for table `seats`
--
ALTER TABLE `seats`
  ADD PRIMARY KEY (`seat_id`),
  ADD KEY `fk_seats_seat_type1_idx` (`seat_type_idseat_type`);

--
-- Indexes for table `seat_type`
--
ALTER TABLE `seat_type`
  ADD PRIMARY KEY (`idseat_type`);

--
-- Indexes for table `shows`
--
ALTER TABLE `shows`
  ADD PRIMARY KEY (`show_id`),
  ADD KEY `fk_shows_movies1_idx` (`movies_movie_id`);

--
-- Indexes for table `showtimes`
--
ALTER TABLE `showtimes`
  ADD PRIMARY KEY (`idshowtimes`),
  ADD UNIQUE KEY `time_UNIQUE` (`time`);

--
-- Indexes for table `user_role`
--
ALTER TABLE `user_role`
  ADD PRIMARY KEY (`iduser_role`);

--
-- AUTO_INCREMENT for dumped tables
--

--
-- AUTO_INCREMENT for table `booked_seats`
--
ALTER TABLE `booked_seats`
  MODIFY `booked_seats_id` int(11) NOT NULL AUTO_INCREMENT, AUTO_INCREMENT=631;

--
-- AUTO_INCREMENT for table `client`
--
ALTER TABLE `client`
  MODIFY `idclient` int(11) NOT NULL AUTO_INCREMENT, AUTO_INCREMENT=77;

--
-- AUTO_INCREMENT for table `imageslider`
--
ALTER TABLE `imageslider`
  MODIFY `idimageSlider` int(11) NOT NULL AUTO_INCREMENT, AUTO_INCREMENT=25;

--
-- AUTO_INCREMENT for table `master_user`
--
ALTER TABLE `master_user`
  MODIFY `idmaster_user` int(11) NOT NULL AUTO_INCREMENT, AUTO_INCREMENT=107;

--
-- AUTO_INCREMENT for table `movies`
--
ALTER TABLE `movies`
  MODIFY `movie_id` int(11) NOT NULL AUTO_INCREMENT, AUTO_INCREMENT=25;

--
-- AUTO_INCREMENT for table `payments`
--
ALTER TABLE `payments`
  MODIFY `payment_id` int(11) NOT NULL AUTO_INCREMENT, AUTO_INCREMENT=89;

--
-- AUTO_INCREMENT for table `seats`
--
ALTER TABLE `seats`
  MODIFY `seat_id` int(11) NOT NULL AUTO_INCREMENT, AUTO_INCREMENT=137;

--
-- AUTO_INCREMENT for table `shows`
--
ALTER TABLE `shows`
  MODIFY `show_id` int(11) NOT NULL AUTO_INCREMENT, AUTO_INCREMENT=102;

--
-- AUTO_INCREMENT for table `user_role`
--
ALTER TABLE `user_role`
  MODIFY `iduser_role` int(11) NOT NULL AUTO_INCREMENT, AUTO_INCREMENT=5;

--
-- Constraints for dumped tables
--

--
-- Constraints for table `booked_seats`
--
ALTER TABLE `booked_seats`
  ADD CONSTRAINT `fk_booked_seats_bookings1` FOREIGN KEY (`bookings_booking_id`) REFERENCES `bookings` (`booking_id`) ON DELETE NO ACTION ON UPDATE NO ACTION,
  ADD CONSTRAINT `fk_booked_seats_seats1` FOREIGN KEY (`seats_seat_id`) REFERENCES `seats` (`seat_id`) ON DELETE NO ACTION ON UPDATE NO ACTION;

--
-- Constraints for table `bookings`
--
ALTER TABLE `bookings`
  ADD CONSTRAINT `fk_bookings_master_user1` FOREIGN KEY (`master_user_idmaster_user`) REFERENCES `master_user` (`idmaster_user`) ON DELETE NO ACTION ON UPDATE NO ACTION,
  ADD CONSTRAINT `fk_bookings_movies1` FOREIGN KEY (`movies_movie_id`) REFERENCES `movies` (`movie_id`) ON DELETE NO ACTION ON UPDATE NO ACTION,
  ADD CONSTRAINT `fk_bookings_shows1` FOREIGN KEY (`shows_show_id`) REFERENCES `shows` (`show_id`) ON DELETE NO ACTION ON UPDATE NO ACTION;

--
-- Constraints for table `client`
--
ALTER TABLE `client`
  ADD CONSTRAINT `fk_client_master_user1` FOREIGN KEY (`master_user_idmaster_user`) REFERENCES `master_user` (`idmaster_user`) ON DELETE NO ACTION ON UPDATE NO ACTION;

--
-- Constraints for table `imageslider`
--
ALTER TABLE `imageslider`
  ADD CONSTRAINT `fk_imageSlider_movies1` FOREIGN KEY (`movies_movie_id`) REFERENCES `movies` (`movie_id`) ON DELETE NO ACTION ON UPDATE NO ACTION;

--
-- Constraints for table `master_user`
--
ALTER TABLE `master_user`
  ADD CONSTRAINT `fk_master_user_user_role` FOREIGN KEY (`user_role_iduser_role`) REFERENCES `user_role` (`iduser_role`) ON DELETE NO ACTION ON UPDATE NO ACTION;

--
-- Constraints for table `payments`
--
ALTER TABLE `payments`
  ADD CONSTRAINT `fk_payment_bookings1` FOREIGN KEY (`bookings_booking_id`) REFERENCES `bookings` (`booking_id`) ON DELETE NO ACTION ON UPDATE NO ACTION;

--
-- Constraints for table `seats`
--
ALTER TABLE `seats`
  ADD CONSTRAINT `fk_seats_seat_type1` FOREIGN KEY (`seat_type_idseat_type`) REFERENCES `seat_type` (`idseat_type`) ON DELETE NO ACTION ON UPDATE NO ACTION;

--
-- Constraints for table `shows`
--
ALTER TABLE `shows`
  ADD CONSTRAINT `fk_shows_movies1` FOREIGN KEY (`movies_movie_id`) REFERENCES `movies` (`movie_id`) ON UPDATE CASCADE;
COMMIT;

/*!40101 SET CHARACTER_SET_CLIENT=@OLD_CHARACTER_SET_CLIENT */;
/*!40101 SET CHARACTER_SET_RESULTS=@OLD_CHARACTER_SET_RESULTS */;
/*!40101 SET COLLATION_CONNECTION=@OLD_COLLATION_CONNECTION */;
